n_images,n_patients,malignant_prevalence,auroc,auprc,accuracy,balanced_accuracy,ece_fixed_10,ece_adaptive_10,brier_score,nll,calibration_intercept,calibration_slope,mean_predicted_probability,mean_classification_confidence,brier_reliability,brier_resolution,brier_uncertainty,brier_decomposition_residual
379,13,0.49340369393139843,0.9368594028520499,0.9507322828134384,0.8786279683377308,0.8777016488413547,0.05795154557733521,0.07202197981250881,0.09514156201233366,0.30874269612429467,0.3965028419433145,0.9776155981719001,0.45745055480034297,0.8894512063466584,0.00874896192239676,0.1642057522356184,0.24995648874624934,0.000641863579305943
454,10,0.724669603524229,0.9531428571428572,0.9830912788848561,0.8766519823788547,0.8900911854103344,0.0814388749438492,0.0813727446482856,0.09058338221735215,0.285712464184893,1.04895815897487,1.0872471976036469,0.6432968588759435,0.8837465072841068,0.018198743859413117,0.12709189460885728,0.19952356925226572,-4.703628546939842e-05
376,10,0.7606382978723404,0.9837218337218337,0.994616313442815,0.8803191489361702,0.9137140637140637,0.1370560690446838,0.14157166666198137,0.0855244507824149,0.2700624402865315,2.8254509675039046,1.8804830151362106,0.6240996551518144,0.8739225939121072,0.05141891474798212,0.14749074875687596,0.18206767768220916,-0.0004713928909004239
365,11,0.6246575342465753,0.9305929056217185,0.9615614938018355,0.8136986301369863,0.8421372775003202,0.1486987087517954,0.14869870875179544,0.13687338508259775,0.42859094312214313,1.5505677247033904,1.1086292548478407,0.4759588254947799,0.8583762322842855,0.03949126161883,0.13532457299728734,0.2344604991555639,-0.001753802694508838
429,12,0.7599067599067599,0.9671213294418964,0.9894387713222083,0.8601398601398601,0.8946929537196975,0.14335843640923468,0.14335843640923465,0.10033389879296799,0.3154499371414577,2.1018158478855047,1.5574232438780993,0.6165483234975252,0.8558815126716336,0.04456663395851267,0.1267944882232555,0.18244847615476983,0.00011327690294098136
341,10,0.6920821114369502,0.94317998385795,0.979363777625189,0.8563049853372434,0.896186440677966,0.13757803991416886,0.13757803991416886,0.11148210697998406,0.36747477106662924,1.9869342521618463,1.4417586065618682,0.5545040715227813,0.8742037468963934,0.03727773425656488,0.1397943651278246,0.21310446246592304,0.0008942753853207197
370,13,0.6756756756756757,0.9558,0.9823696341322867,0.9081081081081082,0.9146666666666667,0.06838218261529311,0.07968217651660824,0.073774337453217,0.24842118256177798,0.4931613586756808,0.9521670835430923,0.6415874171844074,0.9175361144216648,0.012854535609980169,0.15821171440571666,0.2191380569758948,-6.540726941325903e-06
358,12,0.8156424581005587,0.9098173515981736,0.9802894527710199,0.8072625698324022,0.8583955998339561,0.16433193209876296,0.16433193209876298,0.14272500236933994,0.44354302347480606,1.7017806416014198,0.8294646890519493,0.6513105260017958,0.8839897628330619,0.05441853175961195,0.062439791334153595,0.15036983864423706,0.00037642329964451826
381,10,0.7821522309711286,0.9962399935311717,0.9989543289727363,0.968503937007874,0.9711732837389828,0.054561420848309644,0.047901143250853595,0.02557852932845619,0.1030603508482791,1.2919935700511196,1.9412197850724044,0.7482435168894057,0.9343553578599144,0.007498789230543136,0.15215660229300257,0.1703901185580149,-0.00015377616709928016
360,11,0.8138888888888889,0.9760582751770159,0.9949526995604528,0.8916666666666667,0.9334470989761092,0.11379933029864782,0.11379933029864803,0.07908927832836173,0.25669077222727604,2.65470663388316,1.5142933277714616,0.700089558590241,0.9123545370492343,0.03395819431882713,0.10611557829759583,0.15147376543209876,-0.00022710312496833363
349,8,0.5702005730659025,0.9553768844221106,0.9681440744445649,0.7965616045845272,0.8199664991624791,0.1857925583395927,0.19973372151911123,0.1424986246567772,0.43551794291647744,2.558968796105432,1.8781184378940645,0.38451431348980214,0.8171556033290365,0.06803789724178091,0.1689843550544309,0.24507187954121887,-0.001626797071791669
305,10,0.4,0.9281555137507839,0.9280448266424713,0.8852459016393442,0.8729508196721312,0.045357064616191475,0.05404418442629759,0.09272665153518567,0.3086986157654694,-0.11431976195287386,1.0886581178481385,0.41616368253808295,0.8592303822536699,0.006874282193608165,0.15532911835265895,0.24,0.001181487694236455
357,12,0.711484593837535,0.9993884259613179,0.999745912713549,0.988795518207283,0.9805825242718447,0.06758759085455184,0.05949666480065101,0.015271330810952135,0.0840179020471895,-4.1252658543967025,5.062306255901314,0.7136734473408496,0.9312027977247821,0.01209582712970821,0.20256651680279952,0.20527426656937284,0.000467753914670601
428,10,0.6682242990654206,0.9594701073574314,0.9804853661801853,0.866822429906542,0.8861666502511573,0.09877957448965274,0.10359842322349058,0.09448234145264545,0.29875018087887933,1.3152489204835873,1.2694583862246884,0.5694447245757678,0.8678065973619694,0.0221742653700021,0.14778742564863695,0.22170058520394795,-0.0016050834726676622
349,9,0.3553008595988539,0.9382078853046596,0.9274866885777736,0.8968481375358166,0.8729390681003584,0.03933229950879105,0.040015866046822716,0.08015525304522954,0.2684495170684371,0.004144236929567972,1.041724815792995,0.35792823859337014,0.8874274616950146,0.01013114675731131,0.1583763660946842,0.22906215876716943,-0.0006616863845669979
400,10,0.6225,0.9447591691268385,0.972104917668037,0.8675,0.8883613925902285,0.09287354100086122,0.09374359711249503,0.10251084743965948,0.33105863026957794,1.2499748948790765,1.0627837480502482,0.5296264589991388,0.906559174011659,0.023606065088239432,0.15629962761420357,0.23499374999999997,0.0002106599656236524
404,11,0.5594059405940595,0.9821765934175201,0.9856933559062679,0.9108910891089109,0.9167743859998012,0.10199864209001651,0.08975868560918011,0.06801668935763831,0.2278056870620891,1.2566335942428044,1.70232116009524,0.49541084106979794,0.8756459733013001,0.02544369243388691,0.20443582017676484,0.2464709342221351,0.000537882878381149
414,9,0.7439613526570048,0.9603038470962999,0.9866136609036513,0.855072463768116,0.8902229845626073,0.1575116322292121,0.15977384402730127,0.11082232773953424,0.35786777556288185,2.1292420398373726,1.3053561008827232,0.5864497204277926,0.8650944473922466,0.05241300517781812,0.13218190208221953,0.19048285840976453,0.00010836623417111169
456,11,0.7697368421052632,0.9916700583367251,0.9976030454632442,0.9451754385964912,0.9577126577126577,0.05969881445591381,0.05974298110157322,0.04044094904502487,0.1423180151745229,1.795303696177944,1.7547619331976267,0.7154946458411042,0.9261844958042732,0.013817737813462445,0.1501036346139611,0.17724203601108032,-0.0005151901655567961
388,11,0.7448453608247423,0.9825242039774911,0.9948002680878634,0.9561855670103093,0.9573066303170109,0.05453840006831717,0.037904376986389286,0.03973401340369257,0.15765597840360593,0.7496519805000651,1.3193677579967005,0.708474327702485,0.9240839629534487,0.006618340478169953,0.1570819557467979,0.19005074928260177,0.00014687938971875286
397,10,0.5566750629722922,0.902072192513369,0.9323547793028684,0.8161209068010076,0.8267431098313451,0.09735678822348072,0.08941529112936224,0.13670601411960956,0.4230691810264127,0.7229292730844132,0.9274098942915094,0.46725977184293,0.8473374809325974,0.018405153840119672,0.12870803337099068,0.24678793723708672,0.0002209564133938413
347,11,0.5446685878962536,0.9803763980979171,0.9877176621214302,0.9510086455331412,0.9529502377603642,0.05190104189397282,0.025945607666609638,0.04339209268135179,0.1663332938845021,0.48422800948344785,1.288940433557011,0.5272822578361901,0.9245631832930344,0.006378594231317151,0.21096235009074157,0.24800471725535467,-2.8868714578453303e-05
447,10,0.6868008948545862,0.9919962773382969,0.9963528324136115,0.9463087248322147,0.9531409958120056,0.07463200181583808,0.06072366471222038,0.04295822926056411,0.1551639468237046,1.1844860317096326,1.8176415471728784,0.643911058855817,0.9082821866869173,0.014078599984772953,0.18705902179619577,0.21510542568152585,0.0008332253904610731
313,12,0.5718849840255591,0.9720670391061453,0.9811471531588682,0.9073482428115016,0.9133661302426415,0.0640212925171468,0.05538776819749917,0.07025529022869775,0.23602598807980948,0.8171044720428953,1.4842221171027232,0.5277289075180717,0.8776458092622623,0.009268961978495315,0.1833147841898509,0.24483254907164512,-0.0005314366315917751
366,11,0.7185792349726776,0.9935398132083133,0.9974987948056211,0.9617486338797814,0.9615711174277382,0.07017949664173001,0.0579074697150466,0.03384541328798341,0.13638175832724708,0.6760778036095396,1.8466309964999044,0.6854462869202574,0.9098612578189119,0.008720102992608343,0.1778532256360797,0.20222311803875898,0.0007554178926957936
390,10,0.7,0.9582041889734197,0.9834719137336805,0.8871794871794871,0.8998778998778999,0.08398216975179104,0.07291943748919463,0.08323804269430217,0.27241918284527233,0.9708654089170818,1.3226953371921915,0.6270805625108054,0.8678342559262866,0.013956767495614395,0.14055768997443974,0.21000000000000002,-0.00016103482687250537
304,11,0.6776315789473685,0.8985040618189024,0.9564827872765589,0.8026315789473685,0.8329700812363781,0.13138824054516537,0.11923181912364411,0.14040878963347228,0.43035710654690884,0.9945322198837089,0.8951109575721644,0.5583997598237243,0.8512301749691015,0.028039828641183942,0.10406428851569163,0.2184470221606648,-0.0020137726526848476
317,12,0.807570977917981,0.9493468237704917,0.9879482156178377,0.8170347003154574,0.8742315573770492,0.1907209058876208,0.19072090588762078,0.13176447126010685,0.4058024036635333,2.4171840978647827,1.4273759922607439,0.6168500720303602,0.8471545034187146,0.06354071200425196,0.0869100384130709,0.1554000935425768,-0.00026629587365101237
360,11,0.5305555555555556,0.9345085039809163,0.9546370740791494,0.8694444444444445,0.8742371201090492,0.05845284588444588,0.0536086761686749,0.09879369720454842,0.3211777324622689,0.6346592200615871,1.0952893550171872,0.47739229262207794,0.8720142193845103,0.00761043488910352,0.15746365003309448,0.24906635802469135,-0.00041944567615195827
386,10,0.5025906735751295,0.9613133591065293,0.9726020080330173,0.9222797927461139,0.9225730240549828,0.05114109142714253,0.04601927527898871,0.0639288786580162,0.2196413469165051,0.45259286923249753,1.0401604634965118,0.4787750527367204,0.9296387900742252,0.010232032338539507,0.19705454843214787,0.24999328841042712,0.0007581063411974537
362,10,0.5414364640883977,0.9283870174575855,0.9524304260046847,0.8453038674033149,0.8552987460044259,0.10887309704104936,0.10887309704104944,0.11727745720671616,0.3817529653539803,1.2825981207784667,1.1719813166599728,0.43256336704734843,0.8717445779804301,0.021859302023389954,0.15144257818066245,0.24828301944385092,-0.0014222860798622644
345,11,0.7884057971014493,0.9541196615632555,0.988361157478486,0.8753623188405797,0.9009115632554392,0.09834474877794684,0.09777615773322582,0.09361485518616952,0.29769828930071335,1.4602662231469616,0.933781560450194,0.6906296393682235,0.9166348407336664,0.026734444334580436,0.09987577783319498,0.16682209619827765,-6.590751349358492e-05
341,10,0.6539589442815249,0.9988219198905526,0.999369558521506,0.9706744868035191,0.9576271186440678,0.08266560994282043,0.07569423345977103,0.02877559430185529,0.12150283029113346,-4.260044399867302,4.238790449550011,0.6917772965273505,0.9118951928524389,0.02073586184412681,0.21840909165045794,0.22629664347571832,0.00015218063246809008
351,9,0.4415954415954416,0.9236668861092824,0.9196687183157903,0.8518518518518519,0.8430546412113232,0.06610493160774264,0.045096770365811084,0.10860284331519177,0.34108387881406654,0.2659636611104755,1.1377500583825142,0.41922558992069076,0.8372163557866089,0.009480786948109549,0.14719480532290025,0.24658890755756852,-0.0002720458675860571
390,12,0.6051282051282051,0.9650286154523443,0.9799799739713757,0.9051282051282051,0.9058166409861326,0.05038726822295523,0.03227313211622894,0.07204003718787669,0.23717941695792036,0.14439335453575988,1.3140555459473078,0.5975344486008548,0.8748289767461889,0.006416863287372201,0.17305683785321793,0.23894806048652203,-0.0002680487327996195
370,9,0.581081081081081,0.9217704426106527,0.9519537697617344,0.8135135135135135,0.835933983495874,0.14968911805679094,0.14968911805679103,0.14148369434494965,0.45005685816790547,1.5765027782172683,1.0943763844245475,0.43139196302429017,0.8688775642066164,0.04031124117353021,0.1425667832461428,0.24342585829072316,0.00031337812683907007
361,11,0.853185595567867,0.9782528791962755,0.9960141484547473,0.8753462603878116,0.9113268806665034,0.15105369161347545,0.15105369161347548,0.08843082175349208,0.27765288018164336,2.9024942819624666,1.7238411714723243,0.7021319039543916,0.8718963889385565,0.055847914472236554,0.0921046785209123,0.12525993508337108,-0.0005723492812032549
406,10,0.8719211822660099,0.9939700130378096,0.9991210968820943,0.8940886699507389,0.9392655367231638,0.14958345452488997,0.14958345452488994,0.07667634454724802,0.24888331926295798,4.7154708993550685,2.6124173948472014,0.7223377277411198,0.8801174304985698,0.05703515961192267,0.09218838163713018,0.11167463418185344,0.00015493239060208885
359,11,0.5654596100278552,0.9707907035493243,0.9834177419967268,0.9303621169916435,0.929518757104964,0.06467646541975998,0.05571664751574572,0.0575099994401013,0.19937895097430425,-0.3916168623049041,1.1223496705421536,0.5900765590791993,0.9102043030978882,0.014413705204184309,0.20262247895365176,0.24571503945500112,3.7337345676416445e-06
314,12,0.7356687898089171,0.9725655870234183,0.9912053369182819,0.910828025477707,0.9316747509518595,0.07833742090823041,0.07833742090823045,0.06820224929965911,0.2307607291741674,1.538343695727419,1.25189464989172,0.6573313689006868,0.9156890049712019,0.0168400598901565,0.14263051236214264,0.19446022151000042,-0.00046751973835516825
394,11,0.6395939086294417,0.9597306058573665,0.9789190315414893,0.8197969543147208,0.8560529845741114,0.17930397346785526,0.1822747508632857,0.1326299646529538,0.4134014525133978,2.624592327899959,1.5462809981432444,0.46028993516158634,0.85768097891707,0.06488540039465174,0.16269678850230873,0.2305135406735551,-7.218791294430482e-05
324,9,0.5679012345679012,0.9170419254658385,0.9456147375889569,0.8055555555555556,0.825388198757764,0.15221623155119732,0.1665814790329831,0.1486244553229922,0.46635755150515384,1.5007416128955602,1.0943198491932173,0.4156850030167039,0.8628494241602849,0.03946524165754709,0.13761502217209384,0.24538942234415487,0.001384813493384096
317,10,0.6719242902208202,0.9684904297580355,0.9869349466347437,0.8769716088328076,0.9084507042253521,0.12144791936586392,0.12144791936586398,0.09196611266997909,0.30217075406002947,2.4049117691947357,1.5933404589577005,0.5504763708549563,0.8910931083154872,0.03307100413651744,0.16121419109054785,0.22044203843206717,-0.00033273880805764766
396,10,0.6085858585858586,0.9893454691473699,0.9942392508328813,0.9570707070707071,0.960125819836702,0.039478463031792185,0.028395976960011532,0.03456531533637775,0.1315075033792999,0.39831247512891843,1.5664591061949023,0.6032395873002028,0.924437822795712,0.0034337033992855068,0.20684306450794865,0.23820911131517192,-0.00023443487013102143
480,9,0.6958333333333333,0.9747764744483637,0.9895179542814065,0.9083333333333333,0.9187105241571651,0.05961015277493213,0.0619627887934323,0.06597134087615023,0.2141761007917585,0.9971302435390699,1.290806244424041,0.6388562013322425,0.8988804772849678,0.012499109223967129,0.15797456416777236,0.21164930555555556,-0.00020250973560009822
414,11,0.8888888888888888,0.9706994328922496,0.9962840516324856,0.8840579710144928,0.9157608695652174,0.15029088545314914,0.15029088545314917,0.0846350992764808,0.2782935568423112,2.544100029715116,1.5789099840964909,0.7385980034357396,0.8671776911055042,0.04494359888330745,0.058565209939522786,0.09876543209876547,-0.0005087217660693366
359,11,0.596100278551532,0.9917821463100226,0.9946377332810157,0.9554317548746518,0.9559458588462778,0.06114821870838155,0.04974062310465776,0.03795829551014435,0.1474114702880978,0.21620456794529003,1.819810383942156,0.5962099472952641,0.9049497239699338,0.007735332782010822,0.20987901787464952,0.24076473646231794,-0.0006627558595348956
473,11,0.5496828752642706,0.9610148067894547,0.9729258425435479,0.9006342494714588,0.9036746117732033,0.06974474826589072,0.0721156454188944,0.07811715877259334,0.25990344803701443,0.4215746807385524,1.2231408422978058,0.5202951412355106,0.8772628131698932,0.010441621393930522,0.18058301196338755,0.24753161190547493,0.0007269374365754533
342,11,0.672514619883041,0.9706521739130436,0.9885521149095536,0.9239766081871345,0.9434782608695652,0.0710778192277155,0.06548249926323035,0.061777776005484696,0.21972263267610387,1.6519352278922663,1.5733370132012665,0.6070321206198106,0.9108774758910255,0.01673868478912983,0.1755642435346345,0.22023870592660988,0.0003646288243795079
459,11,0.7254901960784313,0.9811716478383145,0.9935046601672474,0.9368191721132898,0.9416559416559416,0.06423215988749599,0.06139099451090975,0.051904265580503435,0.18707409946489462,0.9901809166585865,1.2912409699501448,0.672179133579466,0.911430234465966,0.009837397772616746,0.15753114999421364,0.19915417147251058,0.00044384632958974907
335,12,0.6029850746268657,0.9757686294945284,0.9878114243620301,0.9492537313432836,0.9527841881932555,0.04443562797411162,0.024601925237640716,0.04516497037686833,0.1696631667425714,0.22800025015462538,1.2303200801125656,0.5966387547925303,0.9245273164481038,0.006202917335434451,0.20122081880996578,0.2393940744040989,0.0007887974473007459
383,12,0.8798955613577023,0.9716810734098825,0.9961920443603243,0.9086161879895561,0.9292994452328731,0.1141860399495127,0.1141860399495127,0.07068608681890877,0.23873928340835288,2.1052160780925644,1.3633371089138437,0.7657095214081896,0.8976995836767472,0.02860160975230023,0.06396125680657921,0.10567936246071624,0.0003663714124715195
425,11,0.7929411764705883,0.9145872673320744,0.9783148581178741,0.8305882352941176,0.85119368761802,0.1291569238665789,0.1291569238665789,0.12437572799570303,0.3878594212768213,1.3185544455768132,0.8566023019257375,0.6637842526040093,0.8678580897783564,0.03252890542475051,0.07213242795570239,0.16418546712802767,-0.0002062166013727662
422,12,0.7180094786729858,0.9774246332196245,0.9918769140546169,0.9241706161137441,0.9318856255373436,0.06339462209623711,0.06245975175625334,0.057541530564616,0.20224300092574338,0.9778602840221121,1.4061014612272968,0.6619704414286123,0.8957428007361444,0.00845035217010432,0.15245305768755374,0.20247186720873295,-0.0009276311266675219
347,11,0.4668587896253602,0.9935935935935937,0.9931245578082658,0.9596541786743515,0.958324991658325,0.06317879252483811,0.04733477038898014,0.03583771269613962,0.1413608195207291,0.2884847042733711,1.8856361701976965,0.47768004425383703,0.9075460529206869,0.0065177449311759434,0.22026021276544494,0.24890166017490387,0.0006785203555047595
365,12,0.873972602739726,0.9810549270819137,0.9974492329069111,0.958904109589041,0.9578846940166281,0.062091286900553086,0.05421758713422692,0.03702630746158692,0.146973770306285,1.2892449504564227,1.2508546688809,0.819755015605499,0.9337177315648698,0.008302981302395433,0.08203068839586007,0.1101444924000751,0.0006095221549764704
316,10,0.7531645569620253,0.9562594268476621,0.9871887215382604,0.8987341772151899,0.9069166127989658,0.06752525970274394,0.06132579523125729,0.07624369672193128,0.25284704189058815,0.8889134126155075,1.0346638427125485,0.691838761730768,0.9048110856130124,0.011760348973890625,0.12010033151640978,0.18590770709822144,-0.001324027833771002
393,12,0.7888040712468194,0.9513019821220365,0.9876087111973422,0.8880407124681934,0.8937427127866304,0.09048010856125639,0.09048010856125638,0.08502344908237897,0.28111898116657286,1.1583849715872536,1.0871457496674368,0.6983239626855631,0.8812946354966427,0.015212799416915215,0.09636238270574751,0.16659220843126207,-0.0004191760600508049
332,11,0.7530120481927711,0.9834146341463416,0.9952476315226819,0.9307228915662651,0.954,0.07051770488196366,0.07387147890675103,0.05451152105790763,0.1878730321781194,2.2379224937618196,1.6799423307513615,0.6824943433108075,0.9279651828344274,0.016773211316009732,0.14899241739597335,0.18598490346929886,0.0007458236685723985
382,13,0.6492146596858639,0.972887578237843,0.9872548261689686,0.9162303664921466,0.9251925854597978,0.05988965867939837,0.06872941984929747,0.06308317600528154,0.21731156402158613,0.8360593325105311,1.4075361439300358,0.6033696408398774,0.8906703862870001,0.008375115655489289,0.17192985021351742,0.22773498533483183,-0.0010970747715221552
373,11,0.5844504021447721,0.9736312518496596,0.9857156403824723,0.938337801608579,0.9379254217224031,0.06689026155087427,0.05124971412634567,0.054023356975849125,0.1990872194337654,-0.04855206091424063,1.2690528984722083,0.5869597414515572,0.9025078388857407,0.012877991472429044,0.20211446293144045,0.24286812957758627,0.0003916988572742544
367,10,0.7193460490463215,0.9718667255075023,0.9902538783124104,0.9182561307901907,0.9313401000294204,0.05456578381639577,0.05370823282981103,0.06282425177106697,0.21077624969952657,1.0172782229503785,1.139474805654685,0.6656378162165105,0.9202424430015828,0.0080823398019354,0.14727086939885353,0.20188731076776872,0.00012547060021637912
358,10,0.5251396648044693,0.9372653316645807,0.9576135615848775,0.8798882681564246,0.8845118898623279,0.0632852638367088,0.06715967971931286,0.09361800281362924,0.3081438774902958,0.7608263979662939,1.0518749613037708,0.46740741860436597,0.9003907618941803,0.007951755342921835,0.16384259065914802,0.24936799725351894,0.00014084087633649267
317,11,0.6908517350157729,0.9492591557170814,0.9797111902993697,0.8485804416403786,0.8847730873171187,0.14701145516533473,0.14756278653980773,0.11715366513880256,0.3786004186866812,1.907062981913958,1.314647165386342,0.5438402798504381,0.8693924827310038,0.037780840709139084,0.13478638193965609,0.2135756152414692,0.0005835911278503497
348,11,0.7126436781609196,0.938991935483871,0.9767586511476619,0.8620689655172413,0.8674193548387097,0.0731008371508833,0.06831443875527578,0.09767286792891597,0.30526489617942787,0.7526575059909892,1.098282400968693,0.6443292394056438,0.8610943662361217,0.01189831178151176,0.11642333389955269,0.20478266613819526,-0.002584776091238361
355,11,0.5211267605633803,0.9357392686804451,0.9525561068909358,0.8507042253521127,0.8558028616852147,0.10884619479481748,0.10986153366619866,0.11496435830962315,0.3725272550037557,1.3466699893680034,1.2173374139246382,0.4122805657685628,0.8707339045125206,0.02134884730557172,0.15670829709824136,0.24955365998809761,0.0007701481141951794
365,10,0.7178082191780822,0.9330393537389757,0.975158814404513,0.810958904109589,0.856536722745127,0.1532331666523447,0.15323316665234477,0.1360597123257675,0.418828177442138,1.726012835134602,1.0408240857016464,0.5645750525257375,0.8766972819774964,0.04549190846003781,0.11143205734642156,0.2025595796584725,-0.0005597184463212446
416,10,0.6610576923076923,0.9865635074145712,0.9941980690814106,0.9206730769230769,0.94,0.09445709532412518,0.09099814520818089,0.0627542385052673,0.2159701930035351,2.6931090043466464,1.9976202842787685,0.5739180488838221,0.9056428034755637,0.026466071001691557,0.18851750569733766,0.22406041974852073,0.0007452534523926663
421,12,0.5439429928741093,0.9718431586608443,0.9799613873438409,0.9144893111638955,0.9171897743813682,0.03984044490848896,0.04269967310274741,0.06382709234330053,0.21425817359255103,0.37577768965697383,1.2876533757163056,0.5269543889171497,0.8930256845199953,0.004107051137676308,0.18728738756712754,0.24806901337726597,-0.0010615846045142208
395,11,0.5518987341772152,0.9734618773648473,0.9828388925133017,0.9240506329113924,0.9290675374488157,0.03620592006268382,0.036423775685982734,0.05951238728081526,0.20380280728997577,0.8112621494949989,1.233561597606872,0.5167837212089275,0.9186490118906863,0.004435136181159083,0.19234444584328417,0.24730652139080275,0.0001151755521375808
370,11,0.7189189189189189,0.9834803354540197,0.9935455614623585,0.9297297297297298,0.9335598611914402,0.07582787512945446,0.07425245267598043,0.05420608479588486,0.1851848520727543,0.9814192944807478,1.5755180769004973,0.6663550355311758,0.8958916104915703,0.01595009931894425,0.16420962848625809,0.20207450693937182,0.0003911070238268727
401,11,0.8728179551122195,0.9263865546218487,0.9892422926125024,0.8354114713216958,0.8722128851540616,0.15911502016422388,0.1591150201642239,0.12371501648182158,0.38865440634825565,2.000001439233308,0.8544454107807401,0.7137029349479955,0.8904834605661148,0.05762217414027799,0.045995848108086206,0.1110067723459431,0.0010819181036866993
413,12,0.6997578692493946,0.9708114744949213,0.9878431204506911,0.9007263922518159,0.9106485098783346,0.07067400110239394,0.07186018602757578,0.07273416562815994,0.23466517724462632,1.018224197110801,1.3578084684366343,0.6341535147503972,0.8836335660358076,0.0166651937524055,0.15435649618088088,0.21009679367294176,0.00032867438369356405
331,11,0.48338368580060426,0.9651681286549707,0.9750983323538063,0.9244712990936556,0.9242872807017544,0.07353127269370976,0.08001105367460597,0.06145066557643934,0.21144327666822577,-0.5619142564204763,1.0788274156204791,0.5195650700513164,0.9068746590706621,0.016923320084359962,0.20514375914833516,0.24972389810242698,-5.279346201243762e-05
395,13,0.529113924050633,0.9768997273241755,0.980825628037056,0.9189873417721519,0.9198950455317179,0.0838636050190186,0.07377616106349108,0.06399771781129215,0.22048575797320927,0.21243043460747696,1.5632481980097641,0.5217789430445366,0.8718078894258134,0.011766922361132623,0.1970065460147178,0.24915237942637397,8.496203850333339e-05
381,11,0.6929133858267716,0.9360593110593113,0.9758803848600248,0.8766404199475065,0.8919483294483295,0.07480169726097514,0.05651435778442048,0.09433182073980466,0.3029703443290356,0.6536830717766483,0.8934249207326894,0.636399028042351,0.9026190540318281,0.010478617931525004,0.1290814667797136,0.21278442556885113,0.00015024401914212615
345,13,0.6115942028985507,0.9912994270354389,0.994712103965941,0.9536231884057971,0.9539152578340524,0.059230072479105965,0.04830704792255134,0.03835529665313034,0.14250443402740406,0.1658529369570941,1.6988536790606539,0.6106553355221793,0.9113302981435788,0.006913920701837788,0.206277954349788,0.2375467338794371,0.00017259642164343947
413,10,0.48426150121065376,0.8457981220657277,0.8602670366506715,0.7530266343825666,0.7471361502347418,0.14476792683626857,0.13505556180971917,0.1831898297251281,0.5601625412807282,0.7877385532167223,0.7809952287191931,0.34920593940093453,0.8399019252513833,0.03245944932898907,0.09873578104510058,0.24975229965585777,-0.0002861382146181479
386,10,0.5207253886010362,0.9428264084980503,0.9614733764447861,0.8911917098445595,0.8920801398413338,0.04763572537499002,0.05370234124996018,0.08540910391293173,0.28405522096634217,-0.06724793540989876,1.0648807039127397,0.5283929170371587,0.8731547681826219,0.006028851714910931,0.16957687519134526,0.24957045826733604,-0.0006133308779699836
249,9,0.6626506024096386,0.9425685425685426,0.9753054713359313,0.8795180722891566,0.8974025974025974,0.09813830671348027,0.07520218464751836,0.09552126566403811,0.31466625172868157,0.9502710377589804,0.9208803963093656,0.5874484177621202,0.9146052401758733,0.028246889248556718,0.15656624467772676,0.22354478153578167,0.00029583955742647217
371,11,0.555256064690027,0.984819064430715,0.9891878234904794,0.9353099730458221,0.9333039129155634,0.07719975105172905,0.050097416696418845,0.05180427165823774,0.18200452197000194,-0.5863318253168323,1.5870458850820066,0.5917551351196123,0.8897249138845477,0.01280382656219781,0.20753963356821517,0.24694676731497156,-0.0004066886507164552
413,13,0.4939467312348668,0.9734262125902993,0.9776742099273106,0.9176755447941889,0.9171357538230603,0.04182271570768922,0.036332740045185836,0.061555463880009556,0.21076044147601355,0.515461438637368,1.3691164287622428,0.4740644296402701,0.8938235789733667,0.004716691929355168,0.19157053982360145,0.24996335793725705,-0.0015540461630012131
417,9,0.5971223021582733,0.9627796901893287,0.9797960845508283,0.9160671462829736,0.918100975329891,0.04763140480608675,0.04334659440659487,0.0694528265539759,0.24101040585856162,0.16298890039207226,1.249768083313694,0.5878875757037695,0.8827318488821766,0.006229072481322389,0.17832948513791316,0.24056725842347707,0.0009859807870895992
349,9,0.5100286532951289,0.9344897825087063,0.9557774820776098,0.8911174785100286,0.8918785728365859,0.08046144771683333,0.07564821962961692,0.08732583882587483,0.2869809894880129,-0.13798912720862014,0.8594885019657851,0.5142188340449925,0.9008241884071824,0.019737062105922878,0.18274969862073837,0.2498994261130861,0.00043904922760421017
391,10,0.9616368286445013,0.9677304964539006,0.9987059692996887,0.8235294117647058,0.9082446808510638,0.22187040609601502,0.22187040609601505,0.12954487812598278,0.40211004828387714,4.315455657466333,1.396233827379011,0.7397664225484861,0.8656360703701833,0.10651418335128017,0.014931429138884606,0.03689143843904736,0.0010706854745398675
427,10,0.6744730679156908,0.9407723820943246,0.9758151261029221,0.882903981264637,0.8871402877697842,0.06932357232133499,0.06823790572732455,0.09037918637676193,0.28948480278530875,0.3738953185891534,0.914024002279102,0.6422996096551696,0.8951646569868297,0.010234821936499546,0.1399611568264706,0.21955914857208672,0.0005463726946462466
308,9,0.6396103896103896,0.99977134494901,0.9998712859930088,0.987012987012987,0.9819819819819819,0.062328186674407544,0.05445933647257264,0.015762125670847917,0.07843467444175457,-5.2043139237926725,4.69606396696952,0.6767867528225776,0.9380758577615904,0.012914211301932137,0.2279115365154326,0.2305089391128352,0.000250511771513192
320,9,0.3625,0.9286680189317107,0.924600728842116,0.9,0.8732251521298174,0.06165400024455715,0.045142842495234974,0.08112202615452954,0.27628201236833017,0.12208430976511325,0.9491828693692503,0.34891242169341397,0.9097026481268367,0.011736479468705801,0.16157677512704688,0.23109375,-0.00013142818712935656
330,10,0.4696969696969697,0.8808110599078341,0.9048668509730077,0.8272727272727273,0.8227649769585254,0.09039645046370683,0.09481464756352977,0.131126380896309,0.4106015956182495,-0.0029568739481112064,0.7688601129265564,0.4566995837874408,0.8570093898988249,0.015495642979065758,0.13317977116678417,0.24908172635445364,-0.00027121727042622723
400,13,0.6525,0.9705890460045755,0.9866027788474039,0.9225,0.9271617189007415,0.04809792679712515,0.0504220803189555,0.06243999133513046,0.21324039755933683,0.4725654789474258,1.1964970330226472,0.6251198240846321,0.9043130940404851,0.005278228843319947,0.17046501258754165,0.22674375000000002,0.0008830250793521524
370,9,0.4594594594594595,0.9884117647058824,0.9868147885680533,0.9351351351351351,0.9311764705882353,0.08355550282024038,0.07155699316790273,0.053371879532937434,0.19201085444199606,0.9692844062249194,1.9624842471954547,0.44320068954413117,0.8854980491047444,0.011892897296929333,0.2077260078405292,0.24835646457268082,0.0008485255038564801
369,10,0.7181571815718157,0.9580188679245284,0.9856032591509889,0.8590785907859079,0.9018867924528302,0.1390270646678161,0.13902706466781617,0.1091448984757288,0.355037955278457,2.4714735299644603,1.3456728858765408,0.5791301169039997,0.9072537723826472,0.0439705416723683,0.13781873892241212,0.2024074441286418,0.0005856515971307957
322,9,0.7950310559006211,0.9748461174242425,0.9942725799355108,0.9472049689440993,0.9443063446969697,0.05149348432068933,0.030664649939121078,0.04476337893246036,0.16421387458921421,0.5407485786493194,1.1403139695737383,0.7684007377455006,0.9324493690011344,0.006651298659433503,0.1254280116054924,0.1629566760541646,0.0005834158243546508
362,11,0.8176795580110497,0.9405712530712531,0.9872321015676341,0.8535911602209945,0.8869266994266994,0.1248918386968519,0.12489183869685203,0.10831586043778132,0.338258367547313,1.631731579517343,0.9554435395941324,0.6927877193141976,0.8976822299054994,0.03666545668225293,0.07822526887301195,0.14907969842190408,0.0007959742066362685
400,11,0.43,0.964172786617707,0.9709457475392136,0.9175,0.9183496532027744,0.08688971452912878,0.0886034851878081,0.06718179517654468,0.22821598672844406,-0.9651066495065467,1.1493450499287357,0.4946488548931454,0.8906000129579026,0.026177212959640168,0.20389447913569236,0.2451,-0.0002009386474031427
327,12,0.6055045871559633,0.9781144781144782,0.9875153221682555,0.9174311926605505,0.9264153159501997,0.07195532759836393,0.07078526544413793,0.06283968564647961,0.21654111370077506,1.1226655174365894,1.6840193611888483,0.5583130766895047,0.8861938311547591,0.012134946978181512,0.1868247948157047,0.23886878208904974,-0.0013392486050469582
396,10,0.702020202020202,0.9945433483721497,0.9977253992977911,0.9646464646464646,0.9650652359468357,0.06488206256948639,0.04579020034474113,0.03187597813812586,0.12889940195339894,0.5630814711667658,1.9149582912669494,0.6814969314621822,0.9141850529699949,0.007447694469124964,0.18554678222681786,0.20918783797571677,0.0007872279201019822
365,10,0.8164383561643835,0.9840729239707503,0.9967201556677717,0.9287671232876712,0.9563758389261745,0.08995982204364622,0.08995982204364632,0.05596578342124499,0.19830563716993324,2.5630804480509823,1.5647069948883239,0.7264785341207375,0.9229514011577914,0.0231726621907708,0.11746739604079574,0.14986676674798274,0.0003937505232871896
365,9,0.4328767123287671,0.9825108542775025,0.9809554774485139,0.9287671232876712,0.9297070873845777,0.08585081711116113,0.06435161548468941,0.05708470733293085,0.1956122343352105,-0.8080315987786842,1.4983451514352288,0.4903701835142473,0.883042930425204,0.016426339823498774,0.20496041620773403,0.24549446425220492,0.0001243194649611784
361,11,0.7534626038781164,0.9913251817580965,0.9973514563690677,0.9279778393351801,0.9522058823529411,0.0808972738195927,0.08594280757514486,0.05177891821628907,0.1768336918315369,2.870018308929783,1.9303897563155832,0.6725653300585236,0.919281201443923,0.023802732463042407,0.1574403033876181,0.18575670843532507,-0.00034021929446029914
305,11,0.5704918032786885,0.9310344827586207,0.9597310617821851,0.8688524590163934,0.8718522418180223,0.07109847023193659,0.05211929004767824,0.09741728670068368,0.31136997800296157,0.04375339274433827,0.9181981899129292,0.5640457046468522,0.877700383091973,0.014064527804983053,0.15984076058746388,0.2450309056705187,-0.0018373861873541703
270,7,0.4777777777777778,0.9995601737313762,0.9995110360999486,0.9851851851851852,0.9858156028368794,0.09334722828164024,0.07490048182752314,0.02208250946077178,0.11612375061509932,-4.029695099774822,4.544132556327582,0.528821506905018,0.9050533966177015,0.018170921551081513,0.24606701940035272,0.24950617283950616,0.00047243447053682205
405,15,0.6148148148148148,0.9756719184430028,0.987155644464518,0.928395061728395,0.9345844918134074,0.050662856609654736,0.03833446215149339,0.057830116200669246,0.2012259713542604,0.6776621930042699,1.269899566023938,0.5812225391173191,0.9098607760007366,0.005699493656282,0.1851245955948961,0.23681755829903978,0.00043765984024357607
331,10,0.8610271903323263,0.9721586575133485,0.9957942082343405,0.9154078549848943,0.9326468344774981,0.08190055151041299,0.07681522907826695,0.05932457528411164,0.1951810273690036,1.6348345323830387,1.3653845910568632,0.7842119612540593,0.9146888670146612,0.021562438567782623,0.08068828302702383,0.11965936784074621,-0.0012089480973933656
372,11,0.7419354838709677,0.9507095410628019,0.9842699067594071,0.8655913978494624,0.8958333333333334,0.11014607569376215,0.11014607569376213,0.09990187235122952,0.31826263712820896,1.4652073414425373,1.2891177076449225,0.6317894081772056,0.8730917957997721,0.024411809133725003,0.11653367137613023,0.1914672216441207,0.0005565129495140597
405,11,0.671604938271605,0.9397666961521449,0.9732579334469006,0.8617283950617284,0.8778471915081822,0.08178107289422692,0.08518956940295727,0.10270338246386576,0.3268730895807946,0.9104679641038703,1.127187979631571,0.5898979966222814,0.8637125009349288,0.013633542984419109,0.1314653925559275,0.22055174516079865,-1.651312542448602e-05
440,11,0.6659090909090909,0.9851872489610178,0.9926900716871769,0.9159090909090909,0.9300805646490677,0.07979526219261132,0.08526145928768461,0.061462594189101244,0.20221039718106995,1.6115692979942107,1.6034771091034943,0.5942364845427076,0.8997355070667824,0.02368814163965001,0.1851275916887112,0.222474173553719,0.00042787068444341547
383,11,0.7859007832898173,0.9833076736082975,0.9959328126775766,0.9321148825065274,0.9568106312292359,0.07813639940206403,0.07813639940206406,0.05334047986284295,0.18874495008106726,2.2922059381444404,1.5636072879584082,0.7077643838877532,0.9268188955493274,0.01998093435211568,0.13539666193441288,0.16826074211426895,0.0004954653308712129
300,11,0.5,0.9998222222222223,0.9998216176708288,0.9933333333333333,0.9933333333333334,0.06452555867599692,0.06275958868106137,0.012645621016598245,0.07899013930551867,-3.499813411975372,4.358870342937864,0.5279272479872953,0.9321707623491329,0.009285987176296091,0.24688888888888888,0.25,0.00024852272919104017
447,8,0.8635346756152126,0.9811432939777457,0.9968242490523156,0.883668903803132,0.9188397179988108,0.1562483488193625,0.1596599971227942,0.08353021995113902,0.26429869551407154,3.315833008666836,2.285141315817118,0.7172753390941399,0.8701993929205604,0.05328007552202693,0.08736986853098266,0.11784253962534216,-0.00022252666524741338
372,13,0.6397849462365591,0.9723128057193027,0.9849019311689955,0.8951612903225806,0.9082842092060706,0.08615553748630952,0.08615553748630955,0.07761908347049767,0.25404806625650145,1.2463193818258524,1.517786671223622,0.5630181294790468,0.872400451717249,0.017863011861434283,0.17037052463155788,0.23046016880564227,-0.0003335725650210064
429,9,0.6713286713286714,0.9780831363278172,0.991183497173916,0.9393939393939394,0.9548611111111112,0.05317930766826279,0.048706425218428,0.050573699249119385,0.18076107195345292,1.520429229321474,1.331568959069419,0.6226222461102433,0.9441703925511522,0.010138509996003246,0.18087867843112598,0.2206464863807521,0.0006673813034900264
358,10,0.6843575418994413,0.9551742821022214,0.9808576706411495,0.8770949720670391,0.8911323821564023,0.07593620738863155,0.07146231747417102,0.0882602051711193,0.28132634401300427,0.9555917537231599,1.2689673777476658,0.6128952244252702,0.8700973857395465,0.013287025712319175,0.13947061992378929,0.21601229674479575,-0.0015684973622063503
363,12,0.768595041322314,0.9826762246117084,0.9953758565451406,0.953168044077135,0.9528929851510497,0.046545553480574736,0.03426179600783764,0.039440046537405724,0.14749155833911715,0.7162020197271659,1.1844202502554644,0.7382575378851389,0.9381462137648957,0.007548553963594247,0.14594508358793226,0.17785670377706442,-2.0127615320678083e-05
394,12,0.7385786802030457,0.9945284089013444,0.9981027981160495,0.9644670050761421,0.9634003936876523,0.05424543573941287,0.045450258969872565,0.029422444137247095,0.11458566299734936,0.5514708835492965,1.749670724207355,0.7187470434070018,0.9272137422620972,0.006297627987946982,0.17050401628398998,0.19308021335257283,0.0005486190807172664
369,12,0.6937669376693767,0.9488384955752213,0.9798144655530598,0.8807588075880759,0.8942892699115044,0.07415358518579726,0.07415358518579726,0.09034182923591905,0.29528658529437957,0.9155118909929871,1.1300140857283467,0.6196133524835793,0.8775800328240531,0.009947448629753481,0.13156895395642174,0.2124543738662319,-0.0004910393036445942
398,13,0.7035175879396985,0.959140435835351,0.9851457976335181,0.9095477386934674,0.9111985472154964,0.05596381345179211,0.043074471127932466,0.07150314249935802,0.2444105664709574,0.5297649720121294,1.1182304688817826,0.6645968109133257,0.8928433500839604,0.00527851661310775,0.14212947279799376,0.20858059139920707,-0.00022649271496302803
391,12,0.7135549872122762,0.9624935995903738,0.986285893587403,0.9002557544757033,0.9140745007680491,0.07550380656294726,0.07778768907621367,0.07874952463121795,0.2653456302706112,1.0800264489804894,1.3227329543684037,0.6380511806493291,0.8796711133257968,0.012056797819404125,0.1383846650788008,0.20439426743676456,0.000683124453850048
346,8,0.8526011560693642,0.940711199734131,0.9895763534920634,0.838150289017341,0.8726487205051512,0.1476441184757777,0.14764411847577782,0.11090154485885194,0.3388437341101851,1.9130452567501781,1.065548568032361,0.7049570375935864,0.8699197417139632,0.04603187966943327,0.06001979366571444,0.1256724247385479,-0.0007829658834147962
309,10,0.511326860841424,0.964414452175371,0.9737837458407966,0.912621359223301,0.9139701567608349,0.05035412716427277,0.05208933656099885,0.06985385815527581,0.23968113358547719,0.756154851526395,1.303646640661755,0.47550906827966677,0.8987825388362706,0.006670436461627304,0.18636711754170987,0.24987170222347901,-0.0003211629881206268
389,11,0.6041131105398457,0.9446532191213042,0.9722618479022296,0.897172236503856,0.8992263056092843,0.0850119847498971,0.09075074213584189,0.08274795544294605,0.274974552086605,0.05852709846984544,0.9422314133035241,0.5987845304279849,0.8989621340564409,0.018684777221063098,0.17555694608496303,0.23916046021371787,0.00045966409312811485
388,12,0.634020618556701,0.9533379136608268,0.9767536499922789,0.8865979381443299,0.8986602542081759,0.07610438206675174,0.067705938675027,0.0889306357663698,0.2917738020763009,0.8810204475685048,1.0328223147604514,0.566314679881674,0.8965477108125847,0.015910523362886127,0.15921718721144176,0.23203847380167925,0.0001988258132461923
387,10,0.6589147286821705,0.93475935828877,0.9722150786041324,0.8785529715762274,0.8932263814616757,0.07248556594565621,0.062371375044001656,0.0938955114839847,0.3058432368832586,0.5989798007698749,0.9372210802723746,0.6063759856338169,0.8971428565253232,0.008617748145270243,0.13964234918407722,0.22474610900787215,0.0001740035149195296
396,11,0.9217171717171717,0.9502430402121078,0.9957266307030621,0.8712121212121212,0.9006186478126381,0.14528142906112512,0.14528142906112498,0.09640198090473513,0.30938645456436775,2.4725492821215904,0.9852213382538819,0.7764357426560466,0.9018673866767875,0.05490488333211298,0.03102612285227916,0.07215462707886951,0.00036859334603180083
376,10,0.4441489361702128,0.9556198607569549,0.955044074256172,0.8909574468085106,0.882058848809558,0.06674692097679029,0.06021399387866317,0.08441438725348104,0.27804096607087053,0.6969395886314986,1.2793473120564336,0.4025440434804153,0.8774062828075307,0.011735780233060126,0.1742797757554453,0.24688065866908104,7.77241067851514e-05
405,13,0.7012345679012346,0.9818705622162729,0.992370658597638,0.908641975308642,0.9253724828308696,0.08942379811556829,0.08893972327324351,0.06696741639654183,0.22199494611262474,1.6868662476470995,1.6510325940947796,0.6173234160001804,0.8888398952660217,0.023615646134360825,0.16515880610035658,0.2095046486816034,-0.000994072319065814
447,9,0.7785234899328859,0.9683908045977012,0.9909613010907061,0.87248322147651,0.9036485545106234,0.1365774574670064,0.13491853006948046,0.09402916808929654,0.29907167964888043,2.1279917861782938,1.4809937748672948,0.6436049598634055,0.8732615054776884,0.043513735366029996,0.12186046943574891,0.17242466555560562,-4.8763396590170704e-05
347,12,0.5072046109510087,0.9734848484848484,0.9818369504332897,0.9452449567723343,0.945524322169059,0.047120438182348505,0.03316245878109713,0.04831262995941321,0.17983384197714508,-0.024497717034428833,1.2162417689497378,0.51453267736482,0.9171768670160091,0.007458207391217598,0.20944905648157858,0.2499480935810446,0.0003553854687295688
310,9,0.6838709677419355,0.9790142472083173,0.9914855197511317,0.932258064516129,0.9285232961108971,0.035952718636429085,0.034328089247457116,0.05158768336371409,0.1819044441843843,0.16981854264191984,1.3773159243378106,0.6730911747203691,0.9011956754110018,0.0031869433576313193,0.1662871824383271,0.21619146722164412,-0.0015035447772342378
413,12,0.6222760290556901,0.9714157437892847,0.9855732369080854,0.9225181598062954,0.9301855731816822,0.043117395252962404,0.03791062221310673,0.06096668278456371,0.2123667106923546,0.7038083182489422,1.2065978108473663,0.5843654068425834,0.9098174959890463,0.0036971967845347096,0.17731570148449005,0.235048572718372,-0.00046338523385295455
397,11,0.6675062972292192,0.9751286449399656,0.9889486828177065,0.9219143576826196,0.9263007432818754,0.05413318501003813,0.0393363235132771,0.05986450987890048,0.2030552157003503,0.5206537750928063,1.4387751566139,0.6421152183488357,0.8919886728161177,0.006177770965975469,0.1683664712871042,0.2219416403885565,0.00011156981147272121
332,10,0.8433734939759037,0.995467032967033,0.9991975487216422,0.9608433734939759,0.9767857142857144,0.06106748450640168,0.06103281143572891,0.030649690420699937,0.11884264986595068,2.698931037410435,1.980002487909256,0.7823406825401747,0.9348251871606377,0.01404382185459668,0.11554396888609592,0.13209464363478005,5.5193817419123964e-05
423,13,0.6359338061465721,0.9601699415825811,0.9801831267026229,0.8959810874704491,0.9071114758847101,0.05806840231348132,0.05727870685926172,0.07945610323068174,0.26062505851089285,0.7972111066206922,1.1700258496675493,0.5814906683891476,0.8905735288775263,0.007174215233939578,0.15960837323071483,0.23152200034650613,0.00036826088095086307
347,10,0.5561959654178674,0.8806607899872149,0.9243938963318733,0.8184438040345822,0.8276024493641074,0.10227578496324069,0.10963818397433167,0.1419729892718201,0.4520987896504644,0.5404906839329253,0.8225430195180189,0.48009596072899946,0.8520300130204974,0.019447952866191467,0.1256075377438567,0.24684201347075385,0.001290560678731456
343,10,0.42565597667638483,0.9535498226827064,0.9629013620289254,0.9096209912536443,0.9097941728669772,0.08930569735330043,0.0904426142792192,0.07385698073881164,0.2549323406610306,-0.7828042799484911,1.149725126115912,0.4875873372164177,0.8776594906037481,0.022825851393063888,0.19293590952952078,0.2444729661960578,-0.0005059273207892734
366,11,0.592896174863388,0.9790616398107197,0.9883185984423277,0.9316939890710383,0.9297776265734699,0.05059231596083548,0.046950382660765476,0.052602784587115495,0.18352606142219025,-0.3434956788066278,1.3688895157671614,0.6153892575585601,0.8982762682381097,0.006334096710888905,0.19374965120752918,0.24137030069575086,-0.0013519616119950922
433,12,0.628175519630485,0.9634636463280964,0.9808966691651639,0.8983833718244804,0.9089788089148703,0.0687877396030839,0.06524619940167037,0.07897318891099159,0.2645138131005542,0.9277492602465504,1.2205888460402008,0.5629293202288146,0.8839915208880625,0.00981377210311483,0.1648704181866576,0.23357103616745514,0.00045879882707922093
379,11,0.7255936675461742,0.9389860139860138,0.9786264611386568,0.8469656992084432,0.8766083916083915,0.11182965129903043,0.1118296512990304,0.11265604804180222,0.3537461081823125,1.3155205575901547,0.9497597768635763,0.6137640162471437,0.8917584895139035,0.02752324245712344,0.11316445181446448,0.19910749716306625,-0.0008102397639229847
349,12,0.8022922636103151,0.9365424430641823,0.984253234397688,0.8108882521489972,0.8603002070393375,0.1762529362509526,0.17625293625095254,0.1369283509075109,0.42263983578552244,2.05591417766365,1.0301519231102965,0.6260393273593626,0.8705577366089547,0.06133349162215987,0.08170031972002344,0.15861938736135175,-0.0013242083559772688
374,11,0.8181818181818182,0.9790945790080738,0.9956364690806346,0.9251336898395722,0.9428104575163399,0.08642066605720453,0.08642066605720453,0.058859380961130386,0.20776566197219912,1.8255676055788999,1.276373379875779,0.7317611521246136,0.9160900725210936,0.017675042240074896,0.10724757574395827,0.14876033057851237,-0.00032841611349861133
380,10,0.8421052631578947,0.9441145833333333,0.9901241026614716,0.7842105263157895,0.871875,0.22878639191012276,0.22878639191012284,0.15804803533824868,0.4842089272890682,2.9870563173877733,1.3561741840913948,0.6133188712477718,0.8595951972048641,0.09326678363351974,0.06936499142593326,0.13296398891966763,0.0011822542109945766
421,8,0.6555819477434679,0.9013243378310845,0.9519541206768254,0.8004750593824228,0.8281859070464768,0.12918979285275076,0.1277840731121836,0.1480699352855234,0.4534426723197218,1.056600078259638,0.8501448840477706,0.5277978746312842,0.858640296376252,0.0352101276047561,0.11372980454422549,0.22579425753634882,0.0007953546886439733
360,11,0.8722222222222222,0.9884381057878704,0.9982644351489459,0.9388888888888889,0.9464137358072556,0.08107796456693944,0.07999837052720912,0.04582203997769449,0.15635506913267908,2.094170986506575,2.0254060343240963,0.8021716403104735,0.9148422015531091,0.020134869740306437,0.0854506172839506,0.11145061728395061,-0.00031282976261196027
381,11,0.9028871391076115,0.9807510999371464,0.9979550778993082,0.8188976377952756,0.8997093023255813,0.2156847315154194,0.21568473151541934,0.13162328534192666,0.40396794641322703,4.829128610461433,1.8572329938091867,0.6872024075921921,0.8700848136158457,0.10158191631335065,0.05811026157652217,0.08768195314168407,0.0004696774634141143
389,10,0.6786632390745502,0.9832121212121211,0.9928633348796904,0.9408740359897172,0.9353787878787879,0.03669362890047762,0.029303794367297718,0.046634141323443214,0.1655694845394721,0.05906023564794233,1.4263139967953244,0.6721075652939815,0.9068270470856166,0.004223368744184328,0.1751660448354892,0.21807944700339013,-0.0005026295886420493
363,11,0.6143250688705234,0.9710762331838565,0.9834813087157305,0.8898071625344353,0.9049967969250481,0.08521718595287621,0.08230044332519473,0.07929016086453218,0.2547823949271063,1.3994816456034034,1.4950628749915027,0.53869670498991,0.8838158486862073,0.020279610663756557,0.1776219370338122,0.23692977862775008,-0.00029729139316224396
458,10,0.5327510917030568,0.9835491037229968,0.988302091451751,0.9366812227074236,0.9359774781676115,0.05864452445261405,0.04587240589566715,0.04898881079815149,0.16941960479759072,-0.593778682733535,1.3701739171954035,0.5664118702100778,0.9050435888361619,0.009375966546679607,0.20834664769841116,0.24892736599225795,-0.0009678740423749096
364,11,0.8159340659340659,0.9885421377958692,0.9974652852583398,0.9560439560439561,0.9383888637619981,0.062475387573992944,0.05004396241639217,0.03600882173566913,0.135943025609586,0.4740424144479591,1.6520004999405733,0.7835001722156192,0.9148248578719809,0.007915414193841407,0.12234734130338527,0.1501856659823693,0.00025508286284370296
281,10,0.8896797153024911,0.9990967741935484,0.9998874801862951,0.9928825622775801,0.967741935483871,0.04743685559048065,0.043846477271836756,0.009918839006531512,0.06072713486164717,-3.0790545152960753,4.33924729626547,0.8760515640426142,0.9490360850057435,0.0063917204407172665,0.0948003370241601,0.09814971948176947,0.00017773610820487513
359,10,0.8746518105849582,0.9646850672328379,0.9952421243676455,0.8997214484679665,0.9426751592356688,0.1075609064064347,0.10756090640643474,0.077719056102745,0.2551008660684207,2.18345868222883,1.2096943901806565,0.7670909041785234,0.9249237729782225,0.030986610854586226,0.06392704085459419,0.10963602082541259,0.001023465277340388
295,12,0.5661016949152542,0.9047062125748503,0.9430886118378803,0.8406779661016949,0.8519835329341318,0.09027720704389261,0.07069109249519384,0.1218915773573134,0.39118298878194735,0.594873806178591,0.8818019583185605,0.4954106024200603,0.8743921099397965,0.014692182591891001,0.13809215800956678,0.24563056592933066,-0.00033901315434148316
383,14,0.7284595300261096,0.9648814447201545,0.9865690063101225,0.8720626631853786,0.8940929142542046,0.11825376404874607,0.12303226728631017,0.09244958928919836,0.29207380260999344,1.6271606124257845,1.4562512038985078,0.6115820276380062,0.8601396311334069,0.034211044784374006,0.13939607452281638,0.1978062431402491,-0.00017162411260837618
431,11,0.7981438515081206,0.9895415664260893,0.9974271229563433,0.9582366589327146,0.9394881047848169,0.06398910600333851,0.03906597910442317,0.03507608928037997,0.13344191669607355,0.18354479061852935,1.7012645693007535,0.7752969066371249,0.9147813286392025,0.008560194372549554,0.13527708444489983,0.16111024380790373,0.0006827355448265002
366,10,0.6639344262295082,0.9983940580146542,0.9991732029161726,0.9672131147540983,0.9512195121951219,0.08548329366270174,0.07363100564169556,0.031239421529005277,0.12583543745944276,-4.303057390688691,4.314307709455188,0.7025649368035665,0.9109771057046938,0.02358010883035957,0.21580700272584175,0.22312550389680194,0.0003408115276855063
335,11,0.8597014925373134,0.9445921985815603,0.9907026507547536,0.8417910447761194,0.8723773640661938,0.15092236595254854,0.1509223659525486,0.10865282893609297,0.3323408926250926,1.9878534599083857,1.1482227155203673,0.7087791265847649,0.8665700809118767,0.04652989608557863,0.05659358031707366,0.12061483626642905,-0.0018983230988410399
359,10,0.5041782729805014,0.9862499224036252,0.9886592021136802,0.947075208913649,0.9472344652057856,0.03926029098334317,0.03103861700939734,0.04284558402193457,0.15841367520238583,0.2859634633907713,1.5173494304511685,0.49963695992958196,0.9092769324710328,0.0032035239201518052,0.2098586088894162,0.24998254203490042,-0.000481873043701439
374,12,0.7245989304812834,0.9162397449217212,0.9699484969376264,0.7887700534759359,0.842206140508007,0.18529137546300375,0.18529137546300378,0.1597000595316225,0.49730592462247697,1.831163176066605,0.96868504640028,0.5393075550182798,0.8725299550235831,0.06393641503141748,0.10501794300607943,0.1995553204266636,0.0012262670796208408
367,11,0.8746594005449592,0.9791412704862522,0.9969571777911804,0.9046321525885559,0.9268590004063388,0.11384377463972674,0.1138437746397268,0.0685984619277029,0.22299975071983574,2.386856994351839,1.655676894534595,0.7608156259052322,0.8930477646479289,0.03315903028877323,0.07365098375857422,0.10963033358329186,-0.0005399181857879548
395,13,0.739240506329114,0.9528195238728554,0.9844512692066429,0.8582278481012658,0.8915414283814337,0.1178396617921865,0.1178396617921865,0.10207056382454005,0.3229225672283697,1.6111513663613404,1.1554400005316823,0.6214008445369275,0.8845244444062519,0.027496633430043386,0.1175071123970065,0.19276398013138918,-0.0006829373398860167
332,10,0.6325301204819277,0.970023419203747,0.9847254041575688,0.9126506024096386,0.920647931303669,0.0633984138584609,0.05267900310447914,0.06820909000597371,0.22910551156487363,0.8356618915684244,1.1875895675374148,0.5830647003515771,0.9050898698110372,0.012192096187202904,0.1758123650302502,0.23243576716504574,-0.0006064083160247508
307,11,0.7817589576547231,0.9137437810945273,0.9767380134816037,0.8208469055374593,0.8531405472636815,0.13774405809515836,0.13728153369683943,0.13213045723783187,0.40747106235920283,1.3788977309829165,0.8427502611832731,0.6444774239578837,0.877044956836744,0.040281201676478216,0.07896637197033798,0.17061188978132394,0.00020373775036769404
420,10,0.669047619047619,0.9980798279525845,0.9990333414423977,0.9666666666666667,0.9496402877697842,0.08591887331716423,0.07431829732240869,0.031646567526824695,0.12872862914471508,-4.127134282917909,4.280490879870788,0.7020204481965026,0.9086368468638018,0.02294604075537976,0.21290159923618573,0.22142290249433108,0.00017922351329958952
448,11,0.7700892857142857,0.9505276487969607,0.9855847233707403,0.875,0.884789644012945,0.09018535694546045,0.09018535694546037,0.08953831130813046,0.2827152595058668,1.1269823889114432,1.2101482787549627,0.6799039287688254,0.8685229294844902,0.02004088543679818,0.10709028417362758,0.17705177774234696,-0.0004640676973870911
381,12,0.7244094488188977,0.9461697722567287,0.9800788533386495,0.7795275590551181,0.8419254658385094,0.22140412786786506,0.22140412786786506,0.1619757231751656,0.49687492998784916,2.748594034145755,1.3719541524321568,0.5030053209510326,0.8516302153913127,0.08841177929745955,0.1262244605924565,0.19964039928079855,0.0001480051893640033
395,11,0.830379746835443,0.9835274845285765,0.9968415194215711,0.8835443037974684,0.9298780487804879,0.14060079389456515,0.14060079389456512,0.08596515236956227,0.2757437498504074,3.470309897650979,1.8576645409368284,0.689778952940878,0.8940027478578705,0.04995182611572988,0.10532623820406652,0.1408492228809486,0.0004903415769503122
302,10,0.7251655629139073,0.9993948396325025,0.9997722375318485,0.9735099337748344,0.9518072289156627,0.06676583972540301,0.06240512127240986,0.022881948533984623,0.09267277334192428,-5.491539915387424,4.33479639416008,0.76109881505755,0.9357212838479111,0.016474748291425714,0.1926779527213719,0.19930046927766323,-0.00021531631373241863
391,11,0.5089514066496164,0.9782244556113904,0.9826465316040456,0.9232736572890026,0.9242567001675042,0.04976637993577174,0.05214425724207881,0.057715702628961245,0.19874505796605363,0.9604557574080549,1.5137767654027636,0.47523005301077403,0.901630072594388,0.008218556889671668,0.1999676839110327,0.2499198723189932,-0.00045504266867091997
330,11,0.8909090909090909,0.9495464852607709,0.9937317122928347,0.8878787878787879,0.8883219954648526,0.12193077141295837,0.12193077141295831,0.08527053409839001,0.2747875886945922,1.8301645753271711,1.031712455472375,0.7689783194961327,0.8889345725929716,0.03705556440498781,0.050278505568401424,0.09719008264462813,0.0013033926171755056
302,10,0.5364238410596026,0.9298941798941799,0.9552321769093963,0.8807947019867549,0.8840388007054674,0.08308834401441405,0.0897527143520596,0.09594632826025838,0.31520818475545576,0.17013010511301735,0.8741236178001112,0.516286023673656,0.8951489981165864,0.017084513347123062,0.17027845848284964,0.2486733038024648,0.0004669695935201751
402,12,0.5621890547263682,0.9651800080450523,0.9783809099163487,0.9154228855721394,0.919750603378922,0.03700476472816865,0.04072653351275998,0.06679427551268216,0.22824959807799367,0.43182622459883385,1.1503881714103907,0.5375533385987069,0.9025466548212664,0.0031987140505587404,0.1825176237864941,0.2461325214722408,-1.933622362326748e-05
302,10,0.5198675496688742,0.9485174610147156,0.9642625966507339,0.8940397350993378,0.8965077970568855,0.057467047982074734,0.05361653876852649,0.08319150709664583,0.2843347107403728,0.6554987930502303,1.1816055574351831,0.4745933000486853,0.8826394287647656,0.0071398128872881585,0.17209224765740194,0.24960528047015482,-0.0014613386033952014
348,9,0.5459770114942529,0.9475016655562958,0.9669776761162161,0.896551724137931,0.899933377748168,0.0780449715154509,0.07318206258007015,0.08200588537398262,0.27165290943531323,0.20247536648415812,0.9157938026499493,0.5278447683417021,0.9102132051145949,0.017362678436903443,0.18290129270993172,0.24788611441405733,-0.0003416147670464442
426,9,0.755868544600939,0.9964166268514095,0.9988212689323657,0.9061032863849765,0.937888198757764,0.14897491565993334,0.15543149516932367,0.0717694868250367,0.24247149122250844,5.900175912349817,4.222538480677592,0.62184252725456,0.8692659899367019,0.05197149612627975,0.16530481795310203,0.1845312878837973,0.0005715207680616896
370,12,0.9162162162162162,0.9851555809306309,0.9985999112322216,0.9405405405405406,0.9382434104101246,0.09474069362014796,0.08925764144074196,0.045601152651903176,0.1603186796167178,2.2828311458517776,1.7938360923623933,0.8269585747754743,0.9095336701245623,0.024216108632354672,0.055382679977274585,0.07676406135865597,3.662638167117871e-06
369,11,0.6422764227642277,0.9474811405191151,0.9742919060991491,0.8753387533875339,0.8861718450326045,0.06739731205193952,0.056007132992936394,0.09143925288049898,0.2923618883260087,0.6889755761651192,1.056863059303484,0.5862692897712913,0.8843055774562761,0.010070534782575103,0.14604539904617136,0.22975741952541476,-0.002343302381319523
356,13,0.7275280898876404,0.9371890299725352,0.9780976123657161,0.8455056179775281,0.874477570353859,0.11323706335087524,0.11323706335087529,0.1115554128481077,0.34835692900904996,1.292785313559836,1.0795362463655438,0.614291026536765,0.8715076892602669,0.02391047379428468,0.10989987661526215,0.19823096831208184,-0.0006861526429966652
440,12,0.7272727272727273,0.9801822916666666,0.9929899505120268,0.9295454545454546,0.9307291666666666,0.0499695607883085,0.04975699859172082,0.05291383043158914,0.18239632600737443,0.7179238365285932,1.4167315162171357,0.687827918645722,0.9027486652544315,0.006684828162901425,0.1512920554518795,0.1983471074380165,-0.0008260497174492967
340,12,0.8470588235294118,0.9922542735042734,0.9986496863788292,0.9029411764705882,0.9427083333333333,0.12904889420330545,0.1290488942033055,0.07021841113864316,0.2296622573610852,4.006541294348695,2.4692893508841482,0.7180099293261063,0.8900461813638859,0.04724648473852635,0.10660899653979239,0.12955017301038063,3.0749929528561815e-05
378,11,0.9153439153439153,0.8860187861271677,0.988477509405961,0.7645502645502645,0.8146676300578035,0.23337419737704185,0.2333741973770418,0.16556461663011518,0.4961638043747505,2.4892077970799362,0.7893211135968011,0.6819697179668736,0.848523972826433,0.1067176198851057,0.01774183416854145,0.07748943198678648,-0.0009006010732355574
299,11,0.5652173913043478,0.9891215293582158,0.9920280625279467,0.9464882943143813,0.9473372781065089,0.06257540009753118,0.038571253513743395,0.04349219394099019,0.16158967055476353,0.27614373264378184,1.712726804764608,0.5592343305750118,0.9000948503838951,0.008008087188915013,0.2093921011542837,0.2457466918714556,-0.00087048396509673
410,10,0.5439024390243903,0.9890889906716865,0.9920714333581446,0.9390243902439024,0.9430828996906548,0.07014025630098668,0.06675271126010243,0.047508998987481454,0.1722845636568708,1.5672740369348241,1.9422468123595362,0.502281326728769,0.9054005022686868,0.012358536080931484,0.21244033884352143,0.2480725758477097,-0.0004817740976383045
334,9,0.7604790419161677,0.9611220472440946,0.9883624584432936,0.9011976047904192,0.892224409448819,0.05206950040570193,0.04036735178427976,0.07001325763420695,0.22293837955672796,0.5726831419711188,1.1818596714786624,0.7212198731276543,0.8928592015452522,0.008667098502139321,0.11815585133965707,0.18215066872243538,-0.0026486582507106865
424,10,0.7948113207547169,0.8909580817899655,0.9715059066630948,0.7735849056603774,0.8234591902861625,0.19124899893456843,0.19124899893456834,0.16187339692060235,0.4920513739868674,1.6513734602949688,0.8628425529922389,0.6035623218201487,0.8394087486069421,0.058656986932127286,0.05980636646607261,0.1630862851548594,-6.350870031171518e-05
424,10,0.8797169811320755,0.9634652788729433,0.9948252570246239,0.8891509433962265,0.9031435630552489,0.13756944058518183,0.1375694405851817,0.08222801595982168,0.2690840111672117,2.072845344793676,1.465234194520686,0.7421475405468938,0.8649048108810892,0.04012008724082032,0.064306397586147,0.105815014239943,0.0005993120652053596
349,12,0.4269340974212034,0.9495302013422819,0.9468524615630206,0.8882521489971347,0.8828187919463087,0.06287105857203827,0.045670229957171314,0.08573609117733001,0.2836680694847419,-0.07273877016353625,1.322996775930524,0.4442649880664999,0.8478145521501039,0.007299151943003132,0.1654165799009154,0.24466137388034578,-0.0008078547451034895
362,11,0.6850828729281768,0.9307795698924731,0.971323408757945,0.8259668508287292,0.8635045274476514,0.14245379866590527,0.14245379866590527,0.13142701046648922,0.4123856381399451,1.5846425152870227,1.0650099581113737,0.5426290742622716,0.881310127776816,0.041792345884711764,0.12642579251106714,0.21574433014865235,0.00031612694419225207
418,13,0.7488038277511961,0.9670774380039556,0.9890524642221243,0.8301435406698564,0.8802525483036665,0.17811877247814945,0.1781187724781494,0.12152823851812568,0.37584335755752424,2.721405313857499,1.5826974021982758,0.5706850552730468,0.857106016242219,0.06256003443581745,0.12845216252137737,0.1880966552963531,-0.0006762886926675177
398,11,0.8291457286432161,0.9042780748663102,0.97945176379001,0.7989949748743719,0.8320855614973262,0.1802197531158688,0.18021975311586874,0.1423594960118281,0.4336334262672003,1.7342225345103766,0.9312715852871986,0.6489259755273473,0.8393338912606072,0.055261675954583894,0.05355361848328084,0.14166308931592633,-0.0010116507754013015
360,11,0.5416666666666666,0.9856721056721057,0.9898025513966451,0.9305555555555556,0.9349650349650349,0.07455223297213166,0.07316345467906515,0.05384220210498602,0.19117553912129365,1.5602241008232243,1.958831737679605,0.4978711181592506,0.8971137992975893,0.013812013759100648,0.20760568999060047,0.2482638888888889,-0.0006280105524030591
450,11,0.8866666666666667,0.9557226399331662,0.994155778449927,0.8733333333333333,0.8943682736252395,0.14663176546845508,0.14663176546845513,0.09382769730934566,0.2964140506831232,2.202122523139925,1.2426325489063954,0.7400349011982116,0.8749830068504392,0.049213896894453914,0.057097927633993226,0.10048888888888885,0.001222839159996117
386,11,0.6373056994818653,0.9443089430894309,0.9729516452275978,0.8808290155440415,0.8911149825783973,0.0778549402379118,0.06335898271146093,0.09398470959580006,0.3088938128824702,0.7234745011456453,1.003454949852905,0.5751471877889062,0.885983591696794,0.01388314867414619,0.15182360732382563,0.23114714488979568,0.0007780233556838184
410,11,0.6219512195121951,0.9955218216318786,0.9973675026143725,0.9658536585365853,0.9674889310562935,0.05224745139895401,0.04149546428589161,0.028924839149177917,0.11292842398172895,0.39349317681302415,1.7961396598161445,0.6179739661601287,0.9276559338219638,0.005549868350117911,0.2123128594090819,0.2351279000594884,0.0005599301486535098
355,12,0.8676056338028169,0.9759602100027632,0.9963574375500215,0.923943661971831,0.920109146172976,0.0687955820940232,0.06879558209402309,0.05392387675726537,0.177230930378241,1.4149117353814742,1.3186414929945696,0.7988100517087937,0.9150853007693143,0.013885234376910274,0.07349847706616937,0.11486609799642931,-0.0013289785499048523
240,9,0.7416666666666667,0.9140993113446902,0.9729260243932301,0.8208333333333333,0.8581913736861182,0.13613913786003126,0.12936100507880408,0.1288385231825804,0.400459969397755,1.26686825270492,0.946738707673055,0.6123056615878626,0.8685640636755669,0.033329331721194476,0.0941657647907648,0.1915972222222222,-0.001922265970071474
353,12,0.7195467422096318,0.9389167263183011,0.9783935732359204,0.8413597733711048,0.8774357750735704,0.12789427717865892,0.12789427717865903,0.11701367628863651,0.3713816207441264,1.5298939599158305,1.0396859879812324,0.5916524650309727,0.8866701823033366,0.03268754073300889,0.11599297821279438,0.2017992279851375,-0.0014801142167154974
267,10,0.7677902621722846,0.9874114870180961,0.9962217421341999,0.947565543071161,0.943351691581432,0.06692884806478791,0.05335251783983342,0.042235333429321426,0.1567217758321711,0.8110739611750896,1.7116494356672587,0.7257182514308048,0.9042645689319067,0.009272721752597704,0.14467562951340251,0.17828837548569906,-0.0006501342955728129
354,11,0.5790960451977402,0.9686036994598134,0.9786878803473258,0.8898305084745762,0.8993779669340317,0.08954394429702031,0.08383986853621005,0.08219276220218687,0.26911573073693307,1.151853344938905,1.5721154238686914,0.5107375499514709,0.8641241054339499,0.017209407558465513,0.1783885701816232,0.24374381563407704,-0.0003718908087324696
354,11,0.7231638418079096,0.9870057397959183,0.9953588970539271,0.9293785310734464,0.9448740433673469,0.06936303770823621,0.06787758972567691,0.05201478279339283,0.17877125552377868,1.719335289858103,1.7806383148897769,0.6613842456231084,0.9093974904941107,0.01533874783801983,0.1626583243936141,0.2001978997095343,-0.0008635403605471992
433,9,0.7990762124711316,0.9393063583815029,0.9847819819630912,0.8521939953810623,0.8730981330144176,0.1258123525784934,0.12581235257849344,0.10726314458088808,0.33264759017322676,1.4778007953606276,1.0811757505372872,0.6732638598926383,0.8667215411508469,0.03411035306719906,0.08811627230859086,0.16055341913392254,0.0007156446883573309
333,11,0.46846846846846846,0.9861654353179777,0.9858396174453349,0.93993993993994,0.9397001303780965,0.07393260067890689,0.044555546767690704,0.04878913691013841,0.17353321387519566,-0.27862829409489875,1.5953206642220366,0.4895269212335976,0.8944109420434648,0.011292025573363366,0.21187194760768335,0.24900576251927603,0.00036329642518236754
435,14,0.7632183908045977,0.9812843607439468,0.9942725347999035,0.9149425287356322,0.9308837290911218,0.09025471869129625,0.0899842470167862,0.06389218444118665,0.21572822529047325,1.646077783772575,1.6098222491755863,0.6758824215900161,0.8883074991815103,0.021697248421067454,0.13889555652669167,0.18071607874223805,0.00037441380457280127
347,9,0.7463976945244957,0.8636363636363638,0.9552638244005313,0.7636887608069164,0.8041856791856792,0.16605196265877845,0.16605196265877847,0.1768803557387852,0.5372843816831728,1.2311522748002846,0.6737419535668528,0.5803457318657173,0.861129434030527,0.06140236045645477,0.07515551442279608,0.18928817613301333,0.0013453335721131665
380,10,0.5473684210526316,0.8762298747763865,0.9156648613194973,0.7921052631578948,0.8030523255813953,0.11758274518964043,0.09776702835430216,0.15340439991293883,0.4716713537578278,0.5737466664352878,0.739052865672555,0.4556100406759735,0.8630128535223038,0.02921471447276129,0.1223644237482609,0.2477562326869806,-0.0012021234985421791
418,10,0.5765550239234449,0.950535668237335,0.9701745101872005,0.8899521531100478,0.8970626157488806,0.0717581584262956,0.07735659795474933,0.08806207277213605,0.29439680639795063,0.6906372016060548,1.0718875532998295,0.5211756102516344,0.8863222557134317,0.011944188533547128,0.1687521584551212,0.24413932831208077,0.0007307143816293743
420,11,0.669047619047619,0.9725287385749765,0.9882464182075605,0.9261904761904762,0.9302977546788193,0.05081039372873898,0.04868793734127463,0.06017791189732939,0.20849501417284516,0.5295377213522909,1.2307735418172634,0.6379684166348395,0.9038667689737467,0.005565342365275668,0.1677299134358935,0.22142290249433108,0.0009195804736161356
273,12,0.8315018315018315,0.9171614633212029,0.9831359637218052,0.7765567765567766,0.8483049224286535,0.21953009469807488,0.21953009469807486,0.16279772883274413,0.4961969159805637,2.238946918881947,1.0464794785801352,0.6119717368037567,0.8509672731666843,0.08045853552985763,0.05793819095618103,0.1401065357109313,0.00017084854813623207
380,12,0.8236842105263158,0.9485003099518383,0.9895667106845412,0.8894736842105263,0.8977158933765677,0.08566415099228193,0.085664150992282,0.08513303786053705,0.27524364220682423,1.2473462157073487,0.9164836469510396,0.7380200595340338,0.9106703344084056,0.022252328723588746,0.0831782940820337,0.14522853185595566,0.0008304713630263444
466,10,0.7296137339055794,0.9717787114845938,0.9898716745697433,0.8948497854077253,0.9129551820728291,0.09074003815769763,0.09168113276800635,0.07794846871904683,0.24748220082237643,1.4788602305565788,1.2902058071286453,0.6423152023548591,0.8971908629355261,0.027440070700653914,0.147231622482885,0.19727753320193778,0.00046248729934013355
309,11,0.883495145631068,0.944953194953195,0.9925127722292469,0.8705501618122977,0.8785103785103785,0.1353386208463405,0.13533862084634046,0.09223029051725788,0.2917557634244878,1.8765937676670426,1.1092750594473046,0.7481565247847275,0.8704460364563719,0.03868686214093042,0.049507402377606924,0.10293147327740594,0.0001193574765284422
375,11,0.6586666666666666,0.9554972165991903,0.9809798457496097,0.8906666666666667,0.9132401315789473,0.09146215061519888,0.08408924253325138,0.08488415975035646,0.28415730583373205,1.3889635738202708,1.1964707580614038,0.5745774241334153,0.9092288089108904,0.02020906477445287,0.16025576301667022,0.2248248888888889,0.00010596910368490531
384,11,0.7421875,0.9805777068934964,0.9936992616305712,0.921875,0.9341839447102604,0.06699601183598757,0.07285358103699072,0.05733747141249051,0.19806092511680917,1.3164295379989164,1.4270328435376889,0.6755758643004023,0.9032442697395556,0.011991408061504632,0.14423618309032168,0.19134521484375,-0.001762968402442451
465,11,0.5870967741935483,0.9874084249084248,0.9924934259700416,0.9505376344086022,0.9501488095238095,0.045118821151429234,0.03826730757060045,0.04073061159809527,0.15393139714981127,-0.06823412818886701,1.558601736261149,0.5909951315715329,0.9076328841358623,0.004457553525470433,0.20568935091717033,0.24241415192507806,-0.0004517429352828839
312,13,0.5032051282051282,0.9640435586603657,0.9752703728805778,0.9262820512820513,0.9263406615985206,0.06517512246754945,0.06589948854779944,0.06230837878478247,0.2195110033735475,-0.2672881204991027,1.137420503897394,0.5234166232801745,0.9006584192511695,0.014163573539125824,0.20218540299437537,0.24998972715318868,0.00034048108684335554
419,10,0.6539379474940334,0.9470425371255979,0.9753324988547776,0.8782816229116945,0.8874528064434936,0.06568576034399051,0.05301824644547752,0.09089174752889345,0.29164383150797707,0.6323920157185511,1.0039593271118836,0.6009197010485559,0.8832945609510556,0.007244893573679236,0.14220784311423104,0.2263031083213242,-0.00044841125187894404
412,11,0.7087378640776699,0.9969748858447489,0.9987562460272651,0.970873786407767,0.9745433789954338,0.06357117923165784,0.050242319735620725,0.026011306689690913,0.10981210891869618,1.2798851653904206,2.0674157623382308,0.6748274503399027,0.9261795311757047,0.00880359202249948,0.18934574866802217,0.2064285041002922,0.0001249592349214096
402,13,0.7039800995024875,0.9562015618968436,0.9825756223092617,0.8706467661691543,0.8935178311607328,0.1128260304104551,0.11282603041045514,0.09757777634670135,0.3163518711119343,1.4441975892443328,1.26701574696721,0.5911540690920324,0.8665746398546937,0.023762039703406592,0.13468269751439066,0.20839211900695528,0.00010631515073013242
386,11,0.5958549222797928,0.9801839464882942,0.9894109012257537,0.9326424870466321,0.9434782608695652,0.05095868994939294,0.052878042175174535,0.052742927587313936,0.18604328344855386,1.797981230706378,1.6014037745593173,0.5448962323303997,0.9285916659851153,0.011758745676825272,0.19996627745501291,0.2408118338747349,0.0001386254907666737
436,12,0.8463302752293578,0.9647696476964769,0.9937429721935886,0.9105504587155964,0.9105084334425433,0.08330398245366286,0.08330398245366294,0.06820577273817738,0.22530521576066903,1.3667400193932933,1.1451673542243224,0.7630262927756948,0.9033532337789796,0.018999184865759484,0.08145977678975411,0.1300553404595573,0.0006110242026147045
369,13,0.5772357723577236,0.9725833634284339,0.9808377670625832,0.8943089430894309,0.9033044420368364,0.08417480453814441,0.08193237202484571,0.07778167207034055,0.2528683096293278,1.1823697595454494,1.5275678831981165,0.509971269415094,0.8743752149557545,0.018578478464716483,0.18451037360274306,0.2440346354683059,-0.00032106825993875876
353,13,0.7053824362606232,0.9494130367624345,0.9796605862636608,0.8526912181303116,0.8787843682421996,0.11430976332634622,0.11430976332634625,0.10712862684169225,0.33274946808726497,1.4178533196693475,1.1527163383403087,0.591072672934277,0.8732883112163381,0.029279913003941806,0.12983020425490588,0.20781805487565103,-0.00013913678299470877
272,13,0.5625,0.9445817542703355,0.9656019918900641,0.8823529411764706,0.8898225957049486,0.057010338155266155,0.04611669854721417,0.08944671071821796,0.2912495089042237,0.5519958275102587,1.0207057033209859,0.5183381941493357,0.8924678519541245,0.0059539934103063795,0.16199000907181055,0.24609375,-0.0006110236202778868
310,10,0.8290322580645161,0.9414139930988914,0.9876874193034327,0.7838709677419354,0.8546729315028265,0.21572841231602155,0.2157284123160217,0.15547901328098682,0.4790697438720766,2.672151590705367,1.1275433367648087,0.6133038457484945,0.8624601375233195,0.0850457585634293,0.06997911126527151,0.14173777315296568,-0.0013254071701366554
424,10,0.6320754716981132,0.9830415231534635,0.9921376798753071,0.9551886792452831,0.9565154994259473,0.04108377559177893,0.02809996102565327,0.03867073588154307,0.14385820790244713,0.07284222786316615,1.2124339206729986,0.6316793749666331,0.9350298105230962,0.006063959986260474,0.20017826416789572,0.2325560697757209,0.000228970287457414
364,12,0.6868131868131868,0.9282807017543859,0.9721568984764754,0.8653846153846154,0.878140350877193,0.08092233151005755,0.06038035868564661,0.10214857640381912,0.3278519479250958,0.6404486043124028,0.8725552272558921,0.6264328281275402,0.8924786604907896,0.013066785791595198,0.12515880606090327,0.21510083323270138,-0.0008602365595741929
323,11,0.5851393188854489,0.9996051488588802,0.9997200305327301,0.9814241486068112,0.9776119402985075,0.07128050970895113,0.06369330774707117,0.020056399184662732,0.09455672219278317,-5.448530162841741,4.65821554567227,0.62712388876098,0.9276758891104142,0.01507802203143088,0.2377977360082048,0.24275129637972184,2.481678171481483e-05
414,12,0.5917874396135265,0.9781910397295013,0.9867249929279021,0.9251207729468599,0.9293925854365415,0.05617103648289141,0.043556839191068626,0.05825875377429297,0.20134435840053644,0.5229343884921226,1.4902397851954101,0.5692184540448817,0.8903212069022095,0.0060645039565710756,0.18951713995822378,0.24157506592919323,0.00013632384675245357
385,9,0.7298701298701299,0.977347385710375,0.9927458124429573,0.9064935064935065,0.9359430604982206,0.0953339563706044,0.09533395637060438,0.07299070984066512,0.2429240299872681,2.5754815588937965,1.5564798405082128,0.6345361734995254,0.9253161083568734,0.029851649274743836,0.15496964959921794,0.1971597233934896,0.0009489867716496042
437,11,0.5606407322654462,0.9910501700680271,0.9933610968165774,0.954233409610984,0.9535501700680271,0.07578677442336586,0.048431866702815206,0.04036561132361615,0.15683718782076925,-0.11440429801427948,1.829039206022681,0.5603386457954498,0.8967497680552758,0.010165980982824105,0.2165788712614703,0.24632270159031047,0.00045580001195185543
329,11,0.6838905775075987,0.9935042735042735,0.997382234743653,0.9604863221884499,0.971111111111111,0.06165995158922376,0.06103804760172902,0.032979378446400566,0.13225689455562686,2.099694083491252,2.1229237515975257,0.6362853504901843,0.9231250178506786,0.012796248779608494,0.19612091371663415,0.2161842555039218,0.000119787879504403
389,12,0.6555269922879178,0.9615452151009658,0.981987238767731,0.8920308483290489,0.9070237050043898,0.0817674648442473,0.08176746484424738,0.08345014974928133,0.2787607305525199,1.1570535472007701,1.2530042473173486,0.5737595274436704,0.8809954710103552,0.012914167179489035,0.1553542546606368,0.22581135466987395,7.888256055513243e-05
318,9,0.7358490566037735,0.9657610907610907,0.9880759922903257,0.8742138364779874,0.8992673992673992,0.10324921703853246,0.10934643310196372,0.08802756648637405,0.27688444715450305,1.6056416865462735,1.3752381418588413,0.632599839565241,0.8798607046211666,0.026973098258724335,0.13121171230853923,0.19437522249911002,-0.0021090419629210683
356,12,0.6825842696629213,0.9487235514767471,0.9793514255293578,0.8567415730337079,0.8903273972103865,0.1290154536425267,0.12901545364252667,0.10936530590503084,0.35489032301346146,1.7728682146700383,1.2731292719634582,0.5535688160203948,0.8813737505448405,0.0307075015586999,0.1380291845948802,0.21666298447165763,2.400446955350133e-05
368,14,0.6929347826086957,0.9615131008155474,0.9847871374248103,0.8614130434782609,0.8950720111053271,0.1253937962896156,0.1253937962896157,0.10117466756621891,0.3234273435148093,1.9833168154018936,1.436126444580765,0.56754098631908,0.8791593497984679,0.033118865154607664,0.14396299829624232,0.21277616965973534,-0.0007573689518817622
371,13,0.7196765498652291,0.9602780178622875,0.9855843750822897,0.8867924528301887,0.9037381158167674,0.08748119011453927,0.08748119011453925,0.08529741310331597,0.27759473468949775,1.226635086978089,1.1500635910185126,0.6321953597506899,0.8886487803752827,0.01612511586724993,0.13245880143352554,0.2017422134393095,-0.00011111476971793766
439,9,0.5626423690205011,0.9637947031039135,0.9762387342694616,0.9043280182232346,0.9057017543859649,0.04277564649213937,0.040375686746122796,0.07289206786710735,0.24692929798262483,0.17070112149976088,1.3014311485286716,0.550638474135949,0.8705047403673088,0.004718756999982503,0.1765316681594617,0.24607593360349936,-0.0013709545769128167
392,9,0.9183673469387755,0.8972222222222223,0.989956985704896,0.7882653061224489,0.8277777777777777,0.22714268493247672,0.22714268493247672,0.1521669406268782,0.46015988290763893,2.5394318225338566,0.8823388491316593,0.6912246620062988,0.845130413479521,0.0995526745021824,0.02225552603706219,0.07496876301541022,-9.897085365223601e-05
368,11,0.6739130434782609,0.9766465053763441,0.9903572976990123,0.9239130434782609,0.939247311827957,0.05364744964264414,0.05130155388615258,0.0580524314705351,0.19610395440510456,1.2685222108965006,1.2844284438244242,0.6226114895921083,0.9288191288744246,0.009518418077103673,0.17058360173875192,0.21975425330812853,-0.0006366381759451978
341,13,0.6041055718475073,0.9460266091334052,0.9694829713031953,0.8709677419354839,0.8829917295936713,0.06577995875675881,0.059946704535030065,0.09551117509241018,0.3025074438250249,0.739070219996534,1.0666660529281147,0.5441588673124772,0.8833168422167684,0.009548609488447529,0.1523428210969598,0.2391620299103035,-0.0008566432093810444
392,11,0.5102040816326531,0.9341927083333333,0.9519780310476346,0.875,0.8764583333333333,0.05759779834757836,0.042735795153815904,0.09661376690438785,0.312504001446938,0.38727302939074537,0.9284295436015854,0.47214735819146253,0.8931715260888061,0.007279833258510595,0.1603311402808769,0.24989587671803415,-0.00023080279128000203
358,12,0.7513966480446927,0.9540119460340003,0.9856758897817854,0.8743016759776536,0.893801428511758,0.08995183294356841,0.08521500745591098,0.09051797192683032,0.28440232523584796,1.1881222468318366,0.991261082365243,0.6661816405887817,0.901578747945125,0.017603842321447905,0.11261595232644922,0.18679972535189288,-0.0012696434200612366
386,12,0.5051813471502591,0.8981608269566386,0.9244166919718868,0.8367875647668394,0.8377097596992885,0.08417556762007808,0.09155278501170307,0.12629304333566888,0.3987176320555997,0.3396272213330645,0.8114910397654225,0.4550200007040038,0.873956689926119,0.01523461137470217,0.13976438421828924,0.2499731536417085,0.000849662537547452
327,12,0.5412844036697247,0.9543502824858756,0.9716207961293615,0.9143730886850153,0.9198870056497175,0.06350602288356844,0.061390767968092314,0.07172128805677425,0.25202532929415244,0.879674851642572,1.1504757334144078,0.4931468501796998,0.9184617528766319,0.010397587635294806,0.18761667636428397,0.2482955980136352,0.0006447787721282072
335,9,0.44477611940298506,0.8097712347549975,0.8320274618924915,0.7701492537313432,0.7496211301147434,0.15495486890998836,0.1426711230695945,0.17909224222289755,0.560560518322989,0.3043910121109469,0.6083189749462662,0.3509248091562876,0.8697842971571261,0.04549275847936276,0.11457077339148716,0.2469503230118066,0.0012199341232153327
403,10,0.8362282878411911,0.9341336210772413,0.986821328430288,0.8188585607940446,0.8673230824566136,0.19327920484130243,0.19327920484130245,0.13188887545039865,0.4116625285087197,2.1156484092424876,1.2156227171401968,0.6429490829998886,0.8360995031808878,0.05970387758208202,0.06534812301994866,0.13695053845538116,0.0005825824328841434
373,13,0.67828418230563,0.9386034255599474,0.9729879084947138,0.8471849865951743,0.8698287220026351,0.10228911389490743,0.09980719694239536,0.1103353063372735,0.34380078979825673,1.1168049616825406,1.0547095736463692,0.5784769853632347,0.8713957952454167,0.01959486945872172,0.12608168505313494,0.21821475033961288,-0.001392628407926158
390,11,0.6974358974358974,0.9710555832502492,0.9886601797522312,0.9051282051282051,0.9223890827517447,0.07102737873046806,0.08177895087958308,0.07319284127706371,0.24129549544237539,1.2447793706661974,1.351569619541215,0.6272897782698073,0.8978663342072696,0.01391407759054549,0.15266644912129862,0.21101906640368182,0.0009261464041350198
384,9,0.796875,0.9681582034523211,0.9918879420183846,0.8984375,0.9076168929110107,0.08577726306647755,0.08585909087022309,0.07259682129583384,0.23446612771796058,1.3734340253358164,1.3952217718687143,0.7110977369335224,0.8864951260840529,0.019291296501419898,0.10684923776593273,0.161865234375,-0.001710471814653336
329,12,0.7477203647416414,0.9531785679302577,0.9858777808010099,0.8966565349544073,0.898961700460378,0.058367409888233975,0.04777883058915763,0.07767110716386176,0.252589451739352,0.6683959470366341,0.9687043875985515,0.6999415341524837,0.9048946440397504,0.007959156826250693,0.11803143503331048,0.18863462089226815,-0.000891235521346595
347,11,0.40057636887608067,0.9651701715550636,0.9599290919397775,0.9077809798270894,0.8920517432208079,0.04738354257376418,0.04448971426243863,0.06849621720916849,0.23040764955245094,0.6112019226254846,1.3864382128131025,0.38042622937031684,0.8880173213438329,0.006889977699557864,0.17729697520694962,0.24011494157413485,-0.0012117268575746187
403,10,0.8684863523573201,0.9780053908355795,0.9965284658338391,0.8808933002481389,0.9154177897574124,0.13972539164425923,0.13972539164425932,0.08349702972707383,0.26341268275602947,2.7864193376832787,1.5559867017119031,0.7287609607130607,0.8840914965914447,0.048182464216167606,0.0780604171302963,0.11421780812639695,-0.0008428254851944317
464,11,0.7801724137931034,0.9212165529195103,0.9774745981729163,0.8060344827586207,0.8475246452172029,0.17197463462660176,0.1719746346266018,0.13810015595957859,0.42188555007961304,1.6983945791850263,1.093054448319764,0.6081977791665018,0.837608083909873,0.049234491164396016,0.0828267277475418,0.17150341854934603,0.00018897399337833298
394,12,0.583756345177665,0.9927094379639448,0.9949901767679895,0.9593908629441624,0.9599681866383881,0.07462490904028805,0.05728080676332815,0.03786629410307858,0.15485141936915459,0.2504433116233983,1.9531314893003073,0.5751154486333664,0.8947265155633849,0.008448342472923958,0.2139743194897927,0.24298487464247984,0.0004073964774675004
348,10,0.4051724137931034,0.9586459725220132,0.9636909008277981,0.9166666666666666,0.9152533662246891,0.08896285583574393,0.07580102117705038,0.067996757422727,0.2316375825320334,-0.8217667918321228,1.0844599914960893,0.46219569271166483,0.8930197603179876,0.025709876028412775,0.1987518070412721,0.2410077288941736,3.095954141273116e-05
349,10,0.7449856733524355,0.9847018150388938,0.9953605245401835,0.9255014326647565,0.95,0.07095011687028528,0.0709501168702853,0.05586375873200065,0.18719166159216583,2.5089107217230273,1.5965427554451626,0.6740355564821502,0.9381494844628181,0.01919799042425187,0.15332758529383395,0.1899820198520538,1.1333749528920356e-05
337,13,0.8456973293768546,0.9625506072874493,0.993480067350401,0.8160237388724035,0.8912280701754386,0.1889122049120845,0.18891220491208446,0.13599532081215596,0.41937027206569444,3.5480618114306677,1.4474873425458235,0.6567851244647701,0.8995451692892679,0.08560530027986032,0.08076986037322925,0.1304933564617105,0.0006665244438143758
429,11,0.4731934731934732,0.9452678843890318,0.9520487727633201,0.8857808857808858,0.8833209817341645,0.06234375411791646,0.06813374614123623,0.08996837404605712,0.2945592946770638,0.17175332577946312,1.1717419047943798,0.4636248305557478,0.8615426895310406,0.009372506180862002,0.1698584577178506,0.24928141012057092,0.001172915462474805
321,11,0.7476635514018691,0.9176954732510288,0.9747457423816659,0.8255451713395638,0.8669753086419754,0.12950735889771559,0.12587430998882887,0.12777627303682978,0.39510467923987463,1.2927360320687555,0.8850364579526283,0.6217892414130403,0.88812461986146,0.033436969193323354,0.09427471860580527,0.18866276530701373,-4.874285770203879e-05
365,11,0.6219178082191781,0.9564259720360084,0.9780716419452113,0.9041095890410958,0.9058609461788929,0.05712487284094572,0.0514254875179715,0.07698317992557782,0.25905861488475707,0.22347032782702317,1.1557873244027217,0.6049194310697054,0.8809637150405307,0.0076129449089098284,0.16673164184737832,0.2351360480390317,0.0009658288250146141
406,11,0.4876847290640394,0.946629759129759,0.9548629840395706,0.8817733990147784,0.8802447552447552,0.04934392585772236,0.054366038443104205,0.09058325002073968,0.2976848749836766,0.5071205721674225,1.1518334332130826,0.44857424876084934,0.870044567143565,0.005849327515971342,0.16461917102488055,0.2498483341017739,-0.000495240572125008
392,11,0.8290816326530612,0.9765786452353616,0.9955437250442853,0.9081632653061225,0.9446153846153846,0.11856516046974447,0.11856516046974444,0.07435240689292866,0.2566740471273359,2.6321703530391525,1.4654823483500712,0.7105164721833168,0.9100406983584606,0.032080810259021125,0.10047886913158942,0.14170527905039568,0.0010451867151012734
316,10,0.509493670886076,0.950991785213384,0.9627853185244165,0.8955696202531646,0.8963133640552995,0.06339476315437767,0.046501914237737356,0.08310417437140254,0.27611688491937475,0.2954684740649966,1.126324064694692,0.4886109929405198,0.8786922396798554,0.00804880862954656,0.17561570226783135,0.24990987021310687,0.0007611977965804456
348,10,0.5574712643678161,0.9634823938947651,0.9767278392367563,0.9109195402298851,0.9147476235105101,0.0500711213010973,0.04730486068893612,0.070307565547078,0.23302559772443235,0.32706653493420734,1.1218467032556636,0.5390941967693088,0.9012759617402034,0.005794093419340444,0.18316402230789863,0.24669705377196458,0.0009804406636716029
431,10,0.7935034802784223,0.9942834614626453,0.9985408206414679,0.9002320185614849,0.9371345029239766,0.13251419818747778,0.13660324826701048,0.07236879872270681,0.23487193655649372,4.374622926173214,2.6511751682346403,0.6623864565282028,0.8867646588811292,0.05090491480806086,0.14260294590450007,0.16385570706445376,0.00021112275469224728
334,11,0.45808383233532934,0.928032354746687,0.9441364750050161,0.8922155688622755,0.8874083703462969,0.0736336393718376,0.06754830256681134,0.0871163252840763,0.2941794894864291,-0.022929291752589714,0.9306075431682663,0.4561616296587657,0.8962222026052957,0.013313473469941963,0.1743573846875039,0.2482430348883072,-8.279838666898354e-05
425,12,0.8776470588235294,0.9842751082697464,0.9978830166645392,0.8847058823529412,0.9343163538873995,0.1343363196533949,0.1343363196533949,0.08262967697003235,0.2622970931747937,3.7134373472565465,1.7348195481100657,0.7433107391701346,0.907537431814979,0.049861169088936466,0.07464292431904888,0.1073826989619377,2.873323820706819e-05
428,11,0.37149532710280375,0.9758481213906619,0.9659699217770091,0.9228971962616822,0.9090855953800472,0.0537052798894803,0.026969420809836716,0.05816222308165483,0.19734347610953681,0.2540578156670051,1.3987279474242342,0.373063257992275,0.8951979874566993,0.006800473591025342,0.18112223500870978,0.2334865490435846,-0.0010025645442453338
319,10,0.7021943573667712,0.9771146616541353,0.9914483151313787,0.9278996865203761,0.9183505639097744,0.04562922058848529,0.031172750716759033,0.05251650696830994,0.17905152882958555,-0.018859109820233356,1.2880895944581445,0.7028391952096782,0.9067104050137291,0.007545337066756574,0.16141965523499566,0.20911744184903844,-0.0027266167124894297
374,14,0.7245989304812834,0.965464120660624,0.9879423163521204,0.893048128342246,0.9141618600652026,0.08767324980749264,0.08767324980749269,0.08066341022822057,0.2637237443794964,1.3862661548556305,1.2320030306090888,0.6369256806737907,0.8958279986607672,0.016219134581350585,0.13548684295125152,0.1995553204266636,0.00037579817145790007
443,12,0.6523702031602708,0.9800251651462724,0.9902720295261191,0.9300225733634312,0.9342335864827214,0.06485435627741075,0.054785551616411785,0.05590145123202702,0.1992394547965768,0.6610720260631203,1.5436939361284292,0.6146739930868671,0.8872501966649153,0.0076091057878409415,0.17879782055696733,0.2267833211888978,0.0003068448122556175
470,10,0.42127659574468085,0.9841428995840761,0.9831972162357051,0.9425531914893617,0.9414364230540702,0.054812427163958295,0.04694421032541245,0.04619614735378187,0.16506354075845395,-0.5118847694315358,1.4210351920006892,0.4553290243006671,0.9042194874119495,0.006915757109772557,0.20414113920221627,0.24380262562245358,-0.00038109617622798797
510,8,0.8235294117647058,0.9846296296296296,0.9965993472352552,0.8862745098039215,0.9222222222222223,0.12785392103055684,0.1337708923455453,0.07921829642195506,0.24768735276441364,2.9655879054897887,1.7806951866396319,0.695675490734149,0.8912138301761471,0.04738804931064422,0.11281656662279498,0.14532871972318342,-0.000681905989077608
376,12,0.6861702127659575,0.9630140585993956,0.9854078268473766,0.9122340425531915,0.9130534752332151,0.05033023864160188,0.03954988765867132,0.06843163575061467,0.22613203852191038,0.3236326664003823,1.0932696302322815,0.6650109850068907,0.9031197501936128,0.006029370336190868,0.15339846013893507,0.21534065187867812,0.000460073674680761
392,12,0.375,0.9997223379147577,0.9995458355437503,0.9693877551020408,0.9755102040816326,0.08958293326126897,0.08130879607874954,0.028640756203747085,0.11771491849714774,-7.70530147918046,5.171123963717831,0.4483406979827682,0.9164671621487581,0.02306055478168089,0.2287060657596372,0.234375,-8.873281829661211e-05
396,12,0.6111111111111112,0.9197971450037565,0.9557476962177434,0.8409090909090909,0.8533057851239669,0.079581672921181,0.06334111522301059,0.11600333243148517,0.360366668232014,0.589059616239425,0.9630804538506819,0.5477699958881006,0.8579681109257317,0.009997935380855685,0.1310140636583615,0.23765432098765432,-0.0006348602786633434
351,11,0.4131054131054131,0.9554402410445262,0.9495068715237013,0.8945868945868946,0.8867090726481419,0.061747312692397804,0.030245229693114738,0.08011010406865866,0.26298065319000763,-0.015439177904301972,1.2906607019166607,0.42572248599816265,0.8615589343432486,0.007208074553707767,0.1691835922817705,0.2424493307684191,-0.0003637089716976988
465,9,0.6537634408602151,0.9813868911408957,0.9901789455722303,0.9182795698924732,0.9258131742399477,0.08670794187819451,0.07477435878701734,0.06248217624319166,0.21052771450905355,1.0262420594647725,1.567295950486393,0.5947678086367931,0.8837365832513222,0.020863114772009705,0.18572148463333243,0.22635680425482713,0.0009837418496872752
412,11,0.8737864077669902,0.9131944444444445,0.9868157304720804,0.8106796116504854,0.8423076923076923,0.1783611361429745,0.17836113614297447,0.1329857548710897,0.4017665243180368,1.9877799566149208,0.9169017499352087,0.6954252716240159,0.8565190803721237,0.062323526258777684,0.039189171044202345,0.1102837213686493,-0.0004323217121349199
302,11,0.7781456953642384,0.9831057478564623,0.9957003802741318,0.9238410596026491,0.951063829787234,0.08416447778916,0.08416447778916,0.059962614764578585,0.20389263567028948,2.449826177243507,1.6664050609292294,0.6939812175750785,0.9234879633498582,0.021583982882622917,0.1349910749715476,0.1726349721503443,0.0007347347031589832
327,13,0.8593272171253823,0.9516478415596471,0.9924143426737959,0.8837920489296636,0.914203930063438,0.12156617224815941,0.12156617224815944,0.09087795820913037,0.29848189543802245,1.864323930897224,1.0389206410661687,0.7377610448772228,0.9058856688028702,0.03307990018729032,0.0639395028961919,0.12088395103292837,0.0008536098851035789
381,12,0.6036745406824147,0.9602649006622517,0.9767647197934777,0.868766404199475,0.8867549668874173,0.10704532151739485,0.10845338960157377,0.09814158646669173,0.31753544413674045,1.6068763200637668,1.439651340151052,0.49662921916501984,0.8697233508453848,0.02525775719458309,0.1655127989751732,0.23925158961429036,-0.0008549613670085082
381,9,0.6692913385826772,0.9637721755368814,0.9848811977033517,0.863517060367454,0.8980392156862744,0.12542254654731805,0.12716052917107615,0.10464426831248973,0.3352483610794776,2.7208046488152218,1.468396562761845,0.5438687920353591,0.9182234524899137,0.043946273106449676,0.16111447647993074,0.22134044268088535,0.00047202900508544476
353,11,0.5750708215297451,0.8958292282430214,0.934952764655659,0.8016997167138811,0.820623973727422,0.1245333409574478,0.12103530835680582,0.1483424113729092,0.46154660547496096,0.9797665693757883,0.8887083008954259,0.4540355131729393,0.8666221132113727,0.028245350634138165,0.1239932152915929,0.24436437175484915,-0.00027409572448519604
351,11,0.8518518518518519,0.9796758425520968,0.9967086267833843,0.9259259259259259,0.9565217391304348,0.09023876802928651,0.08757629454775168,0.06014465275777398,0.2089265733369567,2.6414538903711375,1.3417588114633403,0.7642755573041002,0.9427332389730188,0.02979129753992447,0.0968680545400122,0.1262002743484225,0.001021135409439218
353,10,0.5949008498583569,0.9750915750915751,0.9837687271063029,0.886685552407932,0.9002997002997003,0.09055531703305562,0.102037291850625,0.08096505939159342,0.2616081248410829,1.636809557029991,1.5182987757031303,0.5043455328253013,0.8806313621282343,0.024864071147084207,0.1831887938205417,0.2409938286961616,-0.0017040466311106922
440,11,0.65,0.9426709653982381,0.9719187348070819,0.8545454545454545,0.8761238761238761,0.1083212907337117,0.11581170835836754,0.11068675401042374,0.3524331591566887,1.23094267908849,1.1455394522726152,0.5416787092662884,0.8662450360967324,0.02480124872962493,0.1430113383997773,0.22749999999999998,0.0013968436805761458
389,9,0.6401028277634961,0.9979632816982215,0.9988447311304514,0.9588688946015425,0.9428571428571428,0.09050039520311402,0.08668988534210245,0.03661980875938885,0.1417642174852084,-4.291977537397109,4.082617474536684,0.6870054777895773,0.9029574243192029,0.025990798021699905,0.21959086760872154,0.23037119765267214,-0.0001513193062616519
336,11,0.49107142857142855,0.9735956051745525,0.9768804199948595,0.9136904761904762,0.9127591706539075,0.05752400833577,0.05428032279244826,0.0653700071288099,0.22023478329665896,0.6563929575076045,1.505085731648073,0.46899006121823,0.8856441427981298,0.00794126029313012,0.1920002728791142,0.24992028061224486,-0.0004912608974508709
376,11,0.824468085106383,0.9305474095796676,0.9859628576953183,0.851063829787234,0.8858260019550342,0.1271699430052678,0.12716994300526768,0.11047082286078479,0.35030951301826735,1.5530113238828838,0.9169774437595692,0.6972981421011152,0.8922672245055954,0.032981723428452764,0.0673496622135338,0.14472046174739697,0.00011829989846885713
432,11,0.6273148148148148,0.992413650844583,0.995665844706066,0.9583333333333334,0.9567050950012606,0.07251296223767463,0.05508609081270731,0.03660023166593752,0.1427944457886427,0.08442324445609903,1.795218329304658,0.6159948610467383,0.9063066149172677,0.009858818682627729,0.20787168830079095,0.23379093792866942,0.0008221633554313171
405,11,0.5456790123456791,0.9194373401534527,0.9438727403384486,0.8444444444444444,0.8510967932323431,0.0731042255726073,0.06371107848507473,0.11613908603473495,0.3695935527697431,0.606835077289451,1.0633205550733265,0.4819679338606044,0.8454469870720077,0.008437133499782298,0.13977838517704114,0.2479134278311233,-0.000433090119129495
363,10,0.5537190082644629,0.9624715926540139,0.9767942040976407,0.9173553719008265,0.9229777040722315,0.06300025666921309,0.056456992442859434,0.06937816024284728,0.24130045190652794,0.7767010998930709,1.0994707193553421,0.5089362384641677,0.9182324016920589,0.01113196620675671,0.18959224234462424,0.24711426815108256,0.000724168229632241
340,13,0.8029411764705883,0.9519435788092505,0.989267141635644,0.9058823529411765,0.9076048329779673,0.08667110322082794,0.07450084831205693,0.07612180803767653,0.2569290766497226,0.9928538955373675,0.9066746416767996,0.7380573516770448,0.9178491257665083,0.022281636511171266,0.10516252906391316,0.1582266435986159,0.0007760569918025123
275,9,0.5927272727272728,0.9837313759859772,0.9914561504969331,0.9163636363636364,0.9294478527607362,0.10180042502118962,0.09869812136977792,0.0645020515806741,0.22526971349065228,2.7268625708626844,2.5870303453776833,0.5208505411011874,0.8826343713845562,0.0280500857575136,0.20480083956447595,0.24140165289256196,-0.00014884750492552556
393,10,0.8244274809160306,0.9864913222401145,0.9970542018195802,0.9389312977099237,0.940150295222759,0.09350176979731672,0.08888293497254264,0.048133697592833605,0.17447947345510942,1.5961020288731942,1.6799790111281316,0.7434718837101829,0.8972318097496436,0.02140073590461624,0.11770497378660943,0.14474680962647862,-0.00030887415165183063
396,9,0.6616161616161617,0.9834795488207816,0.992747181870233,0.8838383838383839,0.9122137404580153,0.12688671135377058,0.12672250098670562,0.08408560314993653,0.27327308558633423,3.0794990883478555,2.319400799443999,0.5418517648427467,0.8734453999257852,0.04335689508405537,0.18284090717304433,0.22388021630445873,-0.00031060106553325306
406,11,0.8694581280788177,0.9740231973916297,0.9960475614229721,0.8817733990147784,0.9159762681062591,0.13233514465308613,0.13233514465308607,0.08552961470867211,0.27010253319925914,2.6205783417753388,1.3532162507279635,0.7371229834257317,0.8989691342979302,0.04700508254910944,0.07464042962336813,0.11350069159649592,-0.0003357298135651249
475,9,0.4463157894736842,0.998618982710381,0.998284309894341,0.9536842105263158,0.9581749049429658,0.10905050720886822,0.10685437714817791,0.042203925356978686,0.16193661478322632,-4.665163912478308,4.014875374767591,0.5250248018353251,0.8890049138905505,0.03183979589234229,0.23678307731050113,0.24711800554016622,2.9201234971312773e-05
395,9,0.5443037974683544,0.9898191214470283,0.9934939243446743,0.9620253164556962,0.9642118863049096,0.06780864969954502,0.056394447945587615,0.03450919002233389,0.14677508009033405,0.959107760700294,1.9921953092972773,0.5256773860650683,0.9063012166498293,0.008771064628092448,0.22184405021662043,0.24803717352988303,-0.00045499791902114256
288,11,0.4756944444444444,0.950113597911732,0.960165236857182,0.8958333333333334,0.891864455938512,0.05384963971243008,0.0396428665521003,0.08015272369846538,0.26854437142213866,0.6836307153461385,1.1642329716698019,0.4360515778923441,0.898527486387246,0.007682016470638367,0.17578964968287886,0.2494092399691358,-0.0011488830584299448
380,11,0.5631578947368421,0.9503715797770522,0.9680323149303807,0.8605263157894737,0.8734658259205045,0.09588550918847279,0.10095794338122423,0.10225178542690455,0.32770915766452835,1.4203151299905918,1.3577607841186017,0.4672723855483693,0.874006701819281,0.02139619631234088,0.16357976692265486,0.24601108033240998,-0.0015757242951914552
359,12,0.6434540389972145,0.9608022186147186,0.979602730105558,0.8857938718662952,0.8973214285714286,0.09116182280269103,0.0861103621319094,0.08618186431311023,0.28665322386915687,0.9863274115033958,1.5098194638824685,0.5701340019018336,0.8508408644059895,0.015668517120688084,0.158020200904473,0.22942093869538566,-0.0008873905984905228
285,11,0.8385964912280702,0.9385119155903219,0.9883709439220598,0.8210526315789474,0.8757504093141714,0.17229453041348733,0.17229453041348733,0.12728304609901522,0.391024023662743,2.135056730067134,1.1354877197383726,0.6663019608145828,0.8686056410605885,0.05639863531208019,0.06374164100181806,0.13535241612803936,-0.0007263643392862729
385,12,0.6519480519480519,0.9726467265267289,0.986090339398369,0.8987012987012987,0.9118748885056788,0.08454163021375086,0.08536487704667926,0.07530056162630268,0.24706393133496657,1.1934290012777464,1.5420487874648325,0.5820024182377888,0.8752843900376314,0.0172059617458557,0.16852497956379556,0.2269117895091921,-0.0002922100649495746
336,12,0.6875,0.9882910740053598,0.9948984563446928,0.9255952380952381,0.9406926406926407,0.07023871099947188,0.0706190484450736,0.05405174075248671,0.18183175388780035,1.8255402740959015,1.7189956479094086,0.6215017372864656,0.9106770466556355,0.018225644991089408,0.17825293311769153,0.21484375,-0.0007647211209111798
373,12,0.5871313672922251,0.9264662278360908,0.9596962683800521,0.8739946380697051,0.884984878135563,0.08853110683598482,0.07661161746994233,0.10173013051364611,0.3358625188226703,0.5606901208287569,0.8891772354523357,0.5324596628941587,0.900260218099792,0.017657869199063682,0.159303851825915,0.24240812483378735,0.0009679883067100908
332,11,0.7048192771084337,0.9573085644514215,0.9837244910500452,0.8463855421686747,0.8850950636664923,0.1361586886887992,0.1361586886887991,0.11035243829129197,0.34615850491903366,2.0216038018550426,1.3778533736077225,0.5686605884196346,0.8773662398128771,0.03808005916505374,0.13474224449383185,0.20804906372477863,-0.0010344401047085588
341,12,0.41055718475073316,0.9800639658848614,0.9799551700508545,0.9442815249266863,0.9386460554371002,0.053790433438443586,0.041792106091409834,0.045696385971193076,0.17149658775923385,-0.009970610054250989,1.5156192670738657,0.43117699382601526,0.9000580294410275,0.005094820348008635,0.20063281490690588,0.2419999828002855,-0.0007656022701951759
340,12,0.8058823529411765,0.9408869719088697,0.9862234452902321,0.8529411764705882,0.8857553638575537,0.1356379452063156,0.13563794520631559,0.11153519304286642,0.3513615359126242,1.6852823764571288,1.024107403354312,0.6702444077348609,0.884534366424114,0.04037819447543868,0.08697858314129496,0.15643598615916954,0.001699595549553165
411,12,0.7883211678832117,0.9251809280544913,0.9801090974218933,0.829683698296837,0.8583439761600682,0.14086297563722477,0.14086297563722477,0.12231336550459546,0.37946511597642985,1.4817175706527357,0.9845435910171629,0.6474581922459869,0.8576616709423731,0.03504201233899867,0.07951013168505308,0.16687090415046085,-8.941929981098884e-05
310,10,0.32903225806451614,0.9498020361990951,0.9446920005255987,0.9193548387096774,0.9074283559577677,0.07514454048212646,0.0683799739558239,0.06657908194001173,0.22868519371459642,-0.8306941983768709,0.9787512517350679,0.38290725285246857,0.8982607609013529,0.020460449359212526,0.17515329486556164,0.22077003121748176,0.0005018962288790701
404,10,0.698019801980198,0.9573014765724915,0.9809923355087089,0.8391089108910891,0.8707999069875596,0.1471174624530503,0.152110627636865,0.1130346276656863,0.3520290428860509,1.8549956184386454,1.3801699593081738,0.5509023395271477,0.8475884348498165,0.04249655404944102,0.13787587004671287,0.2107881580237232,-0.002374214360765056
431,11,0.4895591647331787,0.9697113313227057,0.975714655600996,0.9211136890951276,0.9202068074105989,0.03219591494109688,0.02834041832297382,0.06143485771806426,0.2081230369673455,0.3193834960894654,1.1286748953439036,0.4755242947152751,0.9134407083574135,0.002982984491472872,0.19123966581343635,0.24989098895893108,-0.00019944991890335356
394,10,0.868020304568528,0.989484930274404,0.998463389603246,0.9086294416243654,0.9473684210526316,0.12424931732349088,0.12424931732349082,0.06636281215061435,0.2223859580099234,3.465035303850639,2.0022452163084004,0.743770987245037,0.8955617298149614,0.04073533835246256,0.08880947159024288,0.11456105542528791,-0.00012411003689324906
340,10,0.6352941176470588,0.9987305854241338,0.9992519163696443,0.9764705882352941,0.967741935483871,0.07889791325175328,0.060876070066379705,0.024651255888043528,0.10916975502283723,-4.128214115651881,4.553307246299824,0.6588903424247352,0.9185619027648483,0.018756947898441872,0.2262488786364219,0.2316955017301038,0.0004476848959197484
395,13,0.7012658227848101,0.9649085235268923,0.9869067873700705,0.9164556962025316,0.9161108731567031,0.05628891809425779,0.034391922444844125,0.06701569774705153,0.22813488728400205,0.4587570174881154,1.1707811351554935,0.66931462711694,0.8959700592946804,0.006623314533818035,0.14975631861166344,0.2094920685787534,0.0006566332461435259
439,9,0.4145785876993166,0.9995937914225853,0.999437586086418,0.958997722095672,0.9649805447470817,0.10777174383154045,0.10697533237696903,0.03727116710493385,0.14477729291697278,-6.625626678193341,4.48940054354195,0.5004227472742598,0.9002719834026238,0.03041124523107293,0.23569424592665444,0.24270318232055663,-0.0001490145200412768
368,12,0.8179347826086957,0.9790251400803293,0.9956147641213048,0.8478260869565217,0.9069767441860466,0.1862445760555897,0.18624457605558972,0.11186347922364911,0.3537436288238012,3.5573379672144685,1.9206009531844561,0.6316902065531059,0.8601085975564203,0.06795380686496456,0.10536256876787362,0.14891747400756142,0.00035476711899674884
329,11,0.5927051671732523,0.9464217374665136,0.9715531997630965,0.9027355623100304,0.9109452736318409,0.07155768287947994,0.061652430436248,0.0807499126621435,0.2774727790815377,0.5388679854044892,1.012880525775377,0.5518892323949236,0.904386336805406,0.011388442812299547,0.17270308301850157,0.24140575197937936,0.0006588008889661517
522,10,0.6915708812260536,0.9700108394556185,0.9872838875983935,0.9099616858237548,0.910815367939299,0.0663394247030412,0.06220941020356314,0.06839649154587617,0.22900539591278254,0.6390973840190552,1.3679746609195325,0.6437428215473285,0.8774381903255474,0.011922286131073621,0.1569598805521382,0.21330059746627328,0.000133488500667453
422,10,0.6682464454976303,0.9736068895643364,0.9880380209516721,0.8981042654028436,0.9165653495440729,0.07753418806154697,0.07815427951617282,0.072171514863328,0.2344701165839433,1.4023452519471047,1.3924857140284228,0.5950400923428326,0.8975988800354797,0.017085200052269177,0.16566250404525007,0.2216931335774129,-0.0009443147211040254
368,9,0.7527173913043478,0.9350577220613322,0.9810838045324521,0.8179347826086957,0.8716824691553933,0.15484751687861317,0.1579730088862313,0.12784331615956362,0.3948675509374028,1.8982335489265632,1.240694609028525,0.5982704995812764,0.8676729008184189,0.05025600139834512,0.1070642983872444,0.18613392013232516,-0.0014823069838622582
356,10,0.651685393258427,0.9534204671857619,0.9796752395216994,0.9044943820224719,0.9117074527252502,0.06778023264638755,0.05430549592952978,0.07610500148400219,0.2503266352667565,0.33269331671940644,0.8970196586119584,0.6268715471885152,0.9218291792788186,0.013470969034866989,0.1648121228881234,0.22699154147203635,0.00045461386522226144
345,13,0.6550724637681159,0.9393173198482934,0.9706010396565061,0.8405797101449275,0.8663828363203688,0.11813299809123891,0.11813299809123884,0.11630597744893387,0.365932290677612,1.3257562141016404,1.1464825750051124,0.5369394656768771,0.861670759376283,0.02421228426148545,0.13310120011037388,0.22595253098088638,-0.000757637683064083
445,12,0.5595505617977528,0.9291041717891977,0.9528111155545673,0.8539325842696629,0.8607900991721991,0.0680686307058867,0.04587336604975117,0.10758711222775626,0.33603918774480557,0.45574427467741413,0.9887636578029677,0.5136771957480016,0.8633788098055524,0.008467505943294061,0.1471218816829652,0.24645373058957204,-0.0002122426221446566
306,11,0.7352941176470589,0.9080384087791495,0.9702438729939065,0.826797385620915,0.8664197530864197,0.13655513013780388,0.13655513013780393,0.13510926975973184,0.4307142068529329,1.285032220634463,0.8798914075901475,0.598738987509255,0.8804495382691422,0.030089588708487363,0.091391483182266,0.19463667820069203,0.001774486032818462
382,8,0.7801047120418848,0.9797858740811761,0.9945253963375067,0.9214659685863874,0.9325663151166507,0.09003963218917937,0.09003963218917942,0.06034993501135216,0.21635756183235424,1.519485832459083,1.445133421160081,0.6900650798527054,0.8870268238076181,0.015428513132178953,0.12504717537465024,0.1715413502919328,-0.0015727530381093452
349,13,0.7191977077363897,0.9456459874786569,0.9805377951069542,0.8739255014326648,0.8874705260590292,0.07936202163849539,0.07936202163849534,0.09383672063660442,0.301023349157256,0.9592587882705093,1.0587703578168264,0.6398356860978943,0.880789141434893,0.01308150127513401,0.12062515762021088,0.20195236492311228,-0.0005719879414309847
471,9,0.6539278131634819,0.9749023982152816,0.9869703336963176,0.8895966029723992,0.9069197673492152,0.0897054266895701,0.09539857482506543,0.07915821437525167,0.2536999976949905,1.5397343608435956,1.462889794236008,0.5642223864739119,0.8818920240742489,0.02554757590851178,0.17224299233366774,0.2263062283347082,-0.00045259753430057503
309,10,0.6666666666666666,0.9668677537939485,0.9868317908365508,0.9255663430420712,0.9199029126213593,0.06723854933415327,0.05799802870277349,0.06012263948195251,0.20396401284988983,-0.2231610291417327,1.054883708453,0.6799095919816037,0.9157209607534668,0.0146260728779996,0.1768307304560145,0.22222222222222224,0.00010507483774516158
346,12,0.661849710982659,0.9452468928451462,0.9752173595004048,0.8728323699421965,0.8872093457246295,0.07235001972855139,0.06791797664412337,0.09511742472356928,0.30307318490483093,0.8172152964912058,1.0634407404046828,0.5939317343385355,0.8805847298785168,0.010634007459105605,0.13975556141750878,0.22380467105482976,0.0004343076271426799
356,8,0.6404494382022472,0.9885553728070176,0.9933839504622008,0.9101123595505618,0.9263980263157895,0.1134266108332004,0.10827501420401714,0.06778972665290466,0.22518383570694464,2.4616785234767167,2.4024175783242816,0.5593618938692786,0.8802708649292612,0.028502730704004588,0.19069353452129328,0.23027395530867314,-0.00029342483847978607
374,11,0.6042780748663101,0.977427648887826,0.9859920497825512,0.9197860962566845,0.9219684286055967,0.0794175979688319,0.057851637113031616,0.06298638940749596,0.21538507136134233,0.33388871437434914,1.5646450232419151,0.5894316835673878,0.8763253621808179,0.010955840787395907,0.187406738869463,0.23912608310217623,0.00031120438738682643
326,10,0.7515337423312883,0.9579239103048627,0.986771695110188,0.8680981595092024,0.8957168052406148,0.10918278749056927,0.10918278749056931,0.0930336342485587,0.29624308948878386,1.5186394775028265,1.2621337300361735,0.642350954840719,0.8744262017113262,0.02648727757519732,0.11924075513658453,0.18673077646881706,-0.0009436646588711489
411,11,0.49391727493917276,0.9813849943160289,0.9835028880377265,0.9294403892944039,0.9289266767715043,0.06106224884968808,0.05061892501959149,0.055772570588201086,0.19730475073439463,0.7561607153158691,1.6199863400503824,0.4679142969293127,0.8906212304336165,0.007718105295466486,0.20175181138596174,0.24996300045583442,-0.00015672377713808056
367,12,0.8147138964577657,0.9872122762148338,0.9971597913035255,0.9318801089918256,0.9468325791855203,0.07378633948371943,0.07230309571197481,0.04996524453099845,0.16969572602845884,1.889054964435153,1.6605323452915448,0.7424108007457908,0.9152340315049691,0.018283054452810678,0.11864314528836564,0.15095516337637072,-0.0006298280098172918
439,10,0.715261958997722,0.9769426751592356,0.9913120605385595,0.9248291571753986,0.923375796178344,0.05530708291783054,0.04655934512595076,0.05772113347239168,0.1975968753603206,0.61424012181536,1.383108729240883,0.67488570278122,0.8930719890654791,0.007989095975459243,0.15383734533386104,0.20366228900846303,-9.290617766955639e-05
346,10,0.9104046242774566,0.963952892985151,0.9964136043027845,0.8901734104046243,0.9105990783410138,0.13583420647645564,0.13583420647645558,0.07894312913477974,0.2592822764530305,2.313458927277385,1.3551568664938072,0.7745704178010011,0.8802606141466098,0.040274918806034544,0.04222595582438879,0.08156804437167968,-0.0006738782185456982
378,9,0.783068783068783,0.8997610415293342,0.9730158424005133,0.7936507936507936,0.8417930125247199,0.17946705380666403,0.17946705380666395,0.1566421562870029,0.4879788412396645,1.6488476823484377,0.8421957744832821,0.6036017292621191,0.8683509517100255,0.0632396410142479,0.07807325691160574,0.16987206405195826,0.001603708132402487
261,8,0.8850574712643678,0.8577200577200577,0.9817469434451263,0.6015325670498084,0.774891774891775,0.38384999278464593,0.3838499927846459,0.27961977866687465,0.8267311891548357,2.950822107601552,0.8867695268768556,0.5012074784797219,0.7995098435517796,0.20195209428043265,0.02423236260638046,0.10173074382349052,0.0001693031693319469
354,11,0.519774011299435,0.9584398976982096,0.9690775250795856,0.8870056497175142,0.8904092071611254,0.06749618909126799,0.0712068892732904,0.08602247030304218,0.2821995264235273,1.1460509830337218,1.3246563175694621,0.45227782220816704,0.8868780363817044,0.011679354954640547,0.17562302971807098,0.2496089884771298,0.00035715658934280803
300,10,0.67,0.999296447057641,0.9996531893805457,0.9866666666666667,0.9797979797979798,0.07448941183386315,0.05632885670340116,0.018213466445610667,0.09924597462991,-3.163953338687634,4.251040505238261,0.6733507412968456,0.9189032302163963,0.011808934872730128,0.21478421052631577,0.2211,8.874209919631712e-05
399,11,0.7017543859649122,0.9929771908763505,0.9971138540125157,0.9598997493734336,0.9569327731092436,0.05385148919830765,0.030143098649097748,0.03262091110296635,0.12318708127735756,0.20969422075907873,1.6794685595799206,0.6935928101759288,0.9230353680870179,0.006178891939655596,0.1829604818227691,0.20929516774392123,0.00010733324215863455
342,14,0.652046783625731,0.976410295059728,0.9898171298211892,0.9444444444444444,0.9456419339036063,0.0570265034511389,0.05983368525309491,0.048579798145824596,0.18164278023653277,0.30099607446318905,1.2334004534222698,0.6358586278122199,0.9164789166465874,0.008566576536400252,0.18722832150437668,0.22688177558907013,0.00035976752473089457
306,11,0.7843137254901961,0.9134469696969697,0.976517994837534,0.7941176470588235,0.846780303030303,0.18041425810271716,0.18041425810271716,0.15069669992582685,0.45925483991126603,1.745235086020456,0.9688866163910093,0.6038994673874789,0.8573680351360377,0.055766337535115736,0.07523004969447585,0.16916570549788543,0.0009947065873015248
406,9,0.5221674876847291,0.9690964792841859,0.9794147324782023,0.9310344827586207,0.9335246061077611,0.049766583427525386,0.04171401542434883,0.057461336962568055,0.20451825124245082,0.8943020413200664,1.1991250618827223,0.4866392418198519,0.932680213101107,0.008448764270226667,0.20069287469312788,0.24950860248974738,0.00019684489572188713
379,12,0.5065963060686016,0.9993036987522282,0.9993160759622844,0.978891820580475,0.9786096256684492,0.0783551453798903,0.07097947719032638,0.02330807569742305,0.1103159413011126,-4.187913612786699,4.287165180094007,0.5452838670422555,0.9152753594694504,0.0161928575798662,0.24285977325175384,0.24995648874624932,1.8502623061359552e-05
358,13,0.8100558659217877,0.9807302231237323,0.9957592845073291,0.9301675977653632,0.9456389452332656,0.07332324757996665,0.07332324757996662,0.055104441301938395,0.19066685763827548,1.6548655885925705,1.3242758301596584,0.7367326183418209,0.9225914367321628,0.014731683017828982,0.1136389431858457,0.1538653600074904,0.00014634146246471358
444,9,0.4864864864864865,0.9688109161793372,0.9691300749971177,0.9009009009009009,0.8998538011695907,0.08775087757671969,0.06150347892804617,0.07540625334947311,0.2451639614055734,0.37972824935076765,1.4462277282447031,0.46934186820944995,0.8671041027769998,0.01656258756290612,0.1916545775802475,0.2498173849525201,0.0006808584142943969
313,10,0.670926517571885,0.9187702265372168,0.9649755325474232,0.8434504792332268,0.8585991678224688,0.0901290403801126,0.07414707371366579,0.11444948650828744,0.3597315910407107,0.7114496437647703,0.9150758113359913,0.5967794438582191,0.8665812624959294,0.012112706808717623,0.11719797627558518,0.2207841255907481,-0.0012493696155930906
381,12,0.49868766404199477,0.9547533755855607,0.9655127749434086,0.9028871391076115,0.9028244695508405,0.05390031036557213,0.041466790796876325,0.07795781649852923,0.26223178055526297,-0.0009568402607932505,1.1592500984072103,0.5025475510507992,0.8773935111598673,0.007907020394962501,0.18050190144724834,0.2499982777743333,0.0005544197764817682
413,11,0.5641646489104116,0.9560324272770626,0.9692470496820957,0.8692493946731235,0.8790653314258465,0.09283111109007959,0.08970328299158718,0.09557879481066803,0.3091099082617076,1.1320288743118103,1.4792221852698275,0.484719871329534,0.8513024843391847,0.018570030725589808,0.16754963400417797,0.24588289783020362,-0.0013244997409474213
420,11,0.5095238095238095,0.9851646856002177,0.9863753617786782,0.9333333333333333,0.9338535523092278,0.07969176042311521,0.06025654782659693,0.05424873599276829,0.19240682806267684,0.4907645763407641,1.6843942057664283,0.49439889092777733,0.8855221259225752,0.011046673922253508,0.20761157493300353,0.2499092970521542,0.0009043399513641165
442,12,0.6809954751131222,0.9852265497985438,0.9934493677444365,0.9343891402714932,0.9405174241888741,0.05499775695324278,0.05102172968152045,0.049683643666778,0.17426309449691485,0.9247847965946582,1.4932948206236207,0.6372150596435955,0.9061974250500158,0.008206745977507977,0.17541695317118486,0.21724063798857515,-0.0003467871281202725
354,11,0.7259887005649718,0.9833126078061696,0.9947277988519617,0.963276836158192,0.9747081712062257,0.05654886261103739,0.051787801818382245,0.03644147773619132,0.15293085093182807,1.3640148707339437,1.5805858412612293,0.6802105386558759,0.9260496183965098,0.008088769404613002,0.1716176708043068,0.19892910721695553,0.0010412719189295747
349,11,0.6446991404011462,0.9005017921146954,0.9505167167509663,0.7994269340974212,0.8299641577060932,0.1331487644970805,0.13314876449708057,0.15043462582565345,0.464801137367148,1.099575667351302,0.8461187760290136,0.5115503759040656,0.8673566964318973,0.03298982140037088,0.11226730806662175,0.2290621587671694,0.0006499537247349196
399,11,0.2581453634085213,0.9743833639464707,0.9553159181454354,0.9423558897243107,0.9200013119916033,0.05716844129591935,0.05718077357246486,0.047352307561985024,0.17378512725772174,-0.5732046563194768,1.3457408667044803,0.30697157468156355,0.8979883099258416,0.00719142279399262,0.1509407047982288,0.19150633475920376,-0.0004047451929825585
296,10,0.5945945945945946,0.9530776515151516,0.9734093184799979,0.8614864864864865,0.8808712121212121,0.10149379695507715,0.10149379695507715,0.10113785442484384,0.3227204150430525,1.5962573982926647,1.3066454180504197,0.4931007976395175,0.8896791997766974,0.024022501603823736,0.1624400090616307,0.2410518626734843,-0.0014965007908335076
279,10,0.6344086021505376,0.8994128724936302,0.9518901926959596,0.8315412186379928,0.8506148222000665,0.0982434351422474,0.0782976108210877,0.1279572179757668,0.40262477994060236,0.618562217822137,0.796263000439047,0.5577748201643172,0.8776477535124624,0.015804561539407316,0.12012012742061617,0.2319343276679385,0.0003384561890371618
430,10,0.5883720930232558,0.9571693352091288,0.9758441742226502,0.9023255813953488,0.9034188606775195,0.05121245263010728,0.04511406230873737,0.07671579172107358,0.25839046354059225,0.14317819875041204,1.1159236294283634,0.5773207260034148,0.8827796578007,0.00609497326049634,0.17086875689047645,0.24219037317468903,-0.0007007978236353435
405,12,0.654320987654321,0.9627493261455524,0.98332267994598,0.9111111111111111,0.9152291105121294,0.047375427223294124,0.040993638525189814,0.06987583270800903,0.23847370676758223,0.47432561367058224,1.1250982164608274,0.6213865488391704,0.8962144179419879,0.004228724465995054,0.16008185642231615,0.22618503276939492,-0.000456068105064808
335,13,0.8417910447761194,0.9723671885454301,0.9948559390466979,0.8865671641791045,0.9173022882376556,0.12212673133832015,0.12212673133832017,0.08340603536272984,0.26842371099507517,2.292340701153657,1.264997467794022,0.7196643134377992,0.9024453163997961,0.038104470949779715,0.08736904202041205,0.1331788817108487,-0.0005082752774865362
342,11,0.6491228070175439,0.9620495495495496,0.9800616255622854,0.8801169590643275,0.8923423423423423,0.0767962559207283,0.07959899226393985,0.08623523304812183,0.27293258388222497,1.0149771837731336,1.3391770380368235,0.5762378315849113,0.869019592212139,0.018154648363021313,0.15866035545031795,0.22776238842720836,-0.0010214482917898782
286,13,0.7692307692307693,0.9433195592286503,0.9839711198150685,0.8601398601398601,0.8878787878787879,0.10964149461850844,0.10964149461850843,0.10297422991598942,0.3231716503682302,1.3642283504550619,1.0601200826279638,0.6595892746122608,0.8839984390617103,0.023524444983428917,0.09854153226276459,0.17751479289940827,0.00047652429591682477
363,9,0.8016528925619835,0.9253531882397862,0.9818101157578538,0.8429752066115702,0.8602520045819015,0.12338447756955477,0.1233844775695549,0.11408574309093096,0.35474318984149655,1.3442921748242016,0.9291450835277065,0.6782684149924286,0.8667456053637996,0.02982071933518357,0.07493299663304848,0.15900553240898846,0.00019248797980740695
303,9,0.5445544554455446,0.9805445761967501,0.9856309164293239,0.9273927392739274,0.9262187088274045,0.08012159813331311,0.06455191084666594,0.05872494163666805,0.20186756440205628,-0.45467750071370366,1.56512965194114,0.5762987251805398,0.8794462638362444,0.013923459034499243,0.20399519777779906,0.24801490049995098,0.000781779880016896
394,10,0.649746192893401,0.9792232789855072,0.9894398403717917,0.9213197969543148,0.9260926177536232,0.05210070884145816,0.048029927415061145,0.058392660031436075,0.2001934715842141,0.7611383201184873,1.4234073266547098,0.6071966400516972,0.8945385847802096,0.008409806966345097,0.1756002008582799,0.22757607771393235,-0.001993023790561474
402,12,0.6094527363184079,0.9277265046145847,0.9585077058490363,0.8258706467661692,0.8479916807487327,0.11733832771393297,0.11501500317107927,0.1272765322667442,0.3955534799131819,1.1764048225527002,1.019395772092181,0.49443773314732875,0.869586045130695,0.02487096771913368,0.13441314359805653,0.23802009851241307,-0.001201390366746019
403,10,0.5607940446650124,0.9832258387080646,0.990035869295805,0.9578163771712159,0.9599395030248488,0.05721471008644085,0.03635039900501038,0.03946683509280708,0.1565490492875795,0.4786362415022966,1.3610919598892826,0.5433945445041786,0.9229123154166993,0.007711866326041361,0.21528880989089655,0.24630408413326849,0.0007396945243937705
297,12,0.4781144781144781,0.9333484779645616,0.9460413107847575,0.8787878787878788,0.876192639709223,0.04606280279459979,0.05525774210349784,0.09434608591252437,0.312193103503637,0.2653366863421982,1.043554879990473,0.4551650880973426,0.8709582479778115,0.004570579721024001,0.15918781650747602,0.2495210239317983,-0.0005577012328219361
386,11,0.655440414507772,0.9533121340901661,0.9778686592887742,0.8808290155440415,0.8912597699783055,0.07180617909580456,0.06470379416650332,0.08660046067293996,0.2790479520022495,0.7328605047342767,1.2583921994361296,0.5994592672248128,0.867090463312001,0.010583959419785295,0.14882574287982306,0.225838277537652,-0.0009960334046742875
280,11,0.5392857142857143,0.9196570665845268,0.9472884701937347,0.8464285714285714,0.8553570511833256,0.10284118360095694,0.09299736673666917,0.11769510951948245,0.38087649380727984,0.9932677578748996,1.0215885075294144,0.4462883475490452,0.8845765227323024,0.021655154535606222,0.15178011408714173,0.24845663265306123,-0.0006365635820432536
404,9,0.6460396039603961,0.9456635318704284,0.974736768303893,0.8613861386138614,0.8863971277764381,0.1066587406391562,0.11111100365990381,0.10784661506039693,0.34568285933574106,1.3168870224223697,0.9488934134746794,0.5483882850003043,0.9255629828856635,0.03751463903642561,0.15821419972706569,0.22867243407509066,-0.00012625832405364912
343,10,0.9096209912536443,0.9641232423490489,0.9965269840670161,0.9183673469387755,0.9260752688172043,0.10129666171864171,0.10129666171864177,0.06397971645258756,0.22394293967951698,1.9169119623683886,1.0861740274969314,0.8083243295350026,0.9109547609310985,0.02283923216552259,0.0409020148097381,0.08221064352438189,-0.00016814442757881465
351,12,0.8660968660968661,0.9512877939529676,0.992606219291701,0.886039886039886,0.8982362821948489,0.11342018371816627,0.11342018371816627,0.08508143506258746,0.27693187487102355,1.6624083054709187,1.0669145995686868,0.7526766823786998,0.8925394757927214,0.026060882651617014,0.05629958496055362,0.1159730846340533,-0.0006529472625292354
434,12,0.5576036866359447,0.9838584710743803,0.9878717789758481,0.9308755760368663,0.9326360192837466,0.07312993768619948,0.05375230701412391,0.05392587566871368,0.18573572417679313,0.32676543138430597,1.5494711642583363,0.5466062474345298,0.893152858781423,0.011140362936841453,0.20429837946933235,0.24668181528594788,0.00040207691525670497
382,12,0.7408376963350786,0.9204768533390442,0.9744454752063647,0.8455497382198953,0.8629225113324053,0.0957151826113725,0.09527228471537755,0.11494216159102472,0.36081454242921873,0.9681129057975183,0.8714095669885737,0.645565411619701,0.8788986648767906,0.019501360690973836,0.09580404568695208,0.1919972040240125,-0.000752357437009521
327,10,0.7522935779816514,0.9171434306935662,0.9738120527482419,0.7889908256880734,0.8431948208370972,0.17824834168386522,0.17824834168386527,0.1485759684835051,0.4546765642761678,1.750443871755322,1.0571976453089877,0.5740452362977861,0.8470170579895404,0.0527918107626057,0.08978035946537695,0.18634795050921638,-0.0007834333229400359
395,13,0.6987341772151898,0.9625197905249057,0.9863219002963867,0.9189873417721519,0.9276884666910242,0.06980864236132538,0.06926569172708814,0.06702442377880984,0.23371763199118467,0.7462516819529809,1.0432224997504305,0.6521017420432044,0.9176070539875752,0.012132058795787227,0.15613032483726286,0.21050472680660154,0.0005179630136839392
366,10,0.680327868852459,0.9819791988466687,0.9927429345397057,0.9426229508196722,0.9397075481412831,0.043154767571009764,0.03533484688836059,0.0452830142433974,0.16292427316526822,0.02775112001845193,1.4344860760522553,0.6798815866098606,0.9083649500761041,0.004761827374847112,0.17651234804889737,0.21748185971513034,-0.0004483247976826907
418,11,0.5430622009569378,0.9706160481583136,0.9787285369409082,0.9114832535885168,0.9126899923887724,0.051252030074634934,0.041263958444730874,0.06646521261774772,0.21774115007836628,0.03551682611427226,1.2812009497754289,0.5469396744016722,0.8863694453014399,0.005955512419754479,0.18722472203287155,0.2481456468487443,-0.00041122461787949927
394,13,0.8299492385786802,0.9246428408416631,0.9847130636814201,0.8350253807106599,0.8650098133187274,0.14158411236630367,0.14158411236630375,0.1207133417692176,0.37274624391016403,1.599225853046715,0.9111544964063122,0.6883651262123764,0.8781818812652136,0.04053571042543027,0.06117215441139509,0.1411334999613492,0.000216285793833218
397,11,0.6045340050377834,0.9917462845010616,0.9948583911868533,0.9546599496221663,0.9536889596602973,0.0617650088783096,0.04467073213882659,0.03741810344131333,0.13953378709477343,-0.004222956121732865,1.6852599963249828,0.606680527424571,0.9125305180061076,0.00807904579053179,0.2097275536295516,0.23907264179076068,-6.030510427551539e-06
341,11,0.4046920821114369,0.9700149925037481,0.9727723841371352,0.9501466275659824,0.9430463339758692,0.040769834230933374,0.02729896902391256,0.045570648260256676,0.17791848503279642,0.08003735024306803,1.296409932575263,0.4134904906390631,0.915388814781561,0.004736566036283494,0.2000652224928462,0.24091640078774693,-1.709607092755666e-05
368,12,0.5760869565217391,0.9639271891630382,0.9768652318521871,0.8940217391304348,0.9029390420899854,0.07762502604741595,0.08232205750764848,0.08241023070566507,0.27324935479861223,1.024425445854664,1.3221407662463043,0.5092952164738405,0.8801866698292528,0.014493045533593815,0.1768470563817575,0.24421077504725897,0.0005534665065697747
385,9,0.6909090909090909,0.9839198837429709,0.9934976469704759,0.8545454545454545,0.8947368421052632,0.15635825317614319,0.1613133712275827,0.10295643674371943,0.321458237354518,3.5634334982124,2.381456250449554,0.5345508377329476,0.8584262445425701,0.061134383004723736,0.17135745137420882,0.21355371900826445,-0.0003742138950599272
336,10,0.6071428571428571,0.950460487225193,0.97468859332718,0.8988095238095238,0.9059714795008913,0.04519337705085931,0.027803178991053286,0.07765977899840924,0.25445148218614,0.2452687950019752,1.0039099050850997,0.5890244059684225,0.9006692034778754,0.004151843720041999,0.16497809130699495,0.2385204081632653,-3.438157790310037e-05
377,12,0.7108753315649867,0.9693619060660003,0.9887256635825082,0.9177718832891246,0.920392304532384,0.06754927023528641,0.058766716419384656,0.06601039904248993,0.22529751665058634,0.7295579610030037,1.1619257681813353,0.6619315990402215,0.8992881234866316,0.010926309966292078,0.15141891210605538,0.20553159453735692,0.000971406644896311
430,9,0.5488372093023256,0.9653153940241133,0.9764139570350043,0.8744186046511628,0.8846758692993186,0.09689833421342828,0.09901710190992365,0.09081973170629794,0.293498315475082,1.881625151795303,1.4808637403168896,0.4519388750888973,0.8927843618985796,0.02461563927109938,0.17997313626294803,0.24761492698756085,-0.0014376982894142715
347,12,0.8069164265129684,0.9765458422174841,0.9948275639905171,0.8674351585014409,0.9178571428571429,0.15731274810635748,0.1573127481063575,0.09884238532891879,0.3179887852825133,3.0533045885540657,1.7792298378976228,0.6496036784066108,0.8758046416992336,0.05141922570761417,0.10869344778910804,0.1558023071365097,0.0003143002739029732
362,10,0.7734806629834254,0.9647212543554006,0.9907500053477443,0.856353591160221,0.9071428571428571,0.149293856109101,0.14929385610910098,0.1041172003545552,0.3338846679157223,2.5991587091539627,1.5251160964465689,0.6241868068743245,0.8819311978130225,0.04647142925880973,0.11703394800028713,0.17520832697414607,-0.0005286078781134712
353,11,0.5750708215297451,0.968407224958949,0.9820106877624571,0.9206798866855525,0.9292939244663383,0.06040161013008749,0.06589656253822614,0.06429739903432186,0.23029377768390114,1.1803724388555106,1.4192723190480938,0.5199953375346529,0.9020868659254089,0.009467305156456544,0.18910908828028025,0.24436437175484915,-0.0004251895967035957
390,11,0.7897435897435897,0.932887234716503,0.9825174270649519,0.841025641025641,0.8725055432372506,0.14166170399265238,0.14166170399265243,0.11911588600786029,0.372699919567589,1.5686057454085844,1.0423907365756822,0.6480818857509374,0.8677225424406061,0.03868777572644015,0.08662504387200745,0.16604865220249837,0.0010045019509292152
270,9,0.5,0.9722908093278463,0.980578714137924,0.9444444444444444,0.9444444444444444,0.06270107487408559,0.047559822296500166,0.05050072878987579,0.19376740667934428,0.7625196670731113,1.3391307743169443,0.47065095763794046,0.9157135390343766,0.008452759932533012,0.20860782277604706,0.25,0.0006557916333898503
339,10,0.7492625368731564,0.945715609078277,0.9819261326922808,0.8466076696165191,0.874154701250579,0.13385947753630945,0.13385947753630942,0.11165582718635518,0.34984204322453705,1.5830204449530025,1.1391016890149528,0.6154030593368469,0.8647627636712031,0.03707351161634211,0.11181638879774466,0.18786818771155836,-0.0014694833438006344
349,10,0.7134670487106017,0.9779518072289156,0.9924814347022737,0.9455587392550143,0.9438955823293173,0.05414562380714666,0.0437357727182087,0.04666260605683804,0.17559618521413223,0.45234601341554637,1.2246669330044286,0.688259640545756,0.9200159678727842,0.007058404893195957,0.16450439632150485,0.20443181911478558,-0.00032322162963865225
325,13,0.47692307692307695,0.9414800759013282,0.953453244364624,0.8892307692307693,0.8867172675521822,0.04194129059561904,0.0332006437601367,0.08526259254833789,0.2799616028705658,0.0919663140267279,1.0025918950441954,0.4693994039641965,0.8868635577560658,0.004601142744703102,0.1683366183535039,0.24946745562130174,-0.00046938746416307076
400,12,0.61,0.9307482135350987,0.9607915895438959,0.8475,0.8611286254728878,0.07858585980493665,0.07418587883465821,0.11134068831273641,0.34801623145017774,0.7556930093147514,1.0165067656843412,0.5358141211653418,0.8632791652844684,0.011690459868234356,0.13712885866966087,0.2379,-0.001120912885837072
392,11,0.6403061224489796,0.9606397106609025,0.9804644011447857,0.8852040816326531,0.9010341612274307,0.07202076466984324,0.07202076466984335,0.08457973917919581,0.2733387649251638,1.0721290620360373,1.127609259596532,0.5682853577791364,0.8976371226414215,0.01155172687757636,0.15626805082691297,0.23031419200333195,-0.0010181288747995176
357,11,0.6218487394957983,0.9896563229896563,0.9940323939993144,0.9495798319327731,0.9478478478478478,0.0663759240411085,0.052308486155054026,0.04172744508129545,0.15556824759652801,-0.0004259027430711411,1.701487331956514,0.6226015028169263,0.9023520616385107,0.00826369297233523,0.20157369630295208,0.23515288468328507,-0.00011543627137277496
368,10,0.7364130434782609,0.9592574276258227,0.9873208428459959,0.7961956521739131,0.8616236162361623,0.19792576846212642,0.19792576846212653,0.13935805110182994,0.4215156401346045,2.9648680125057876,1.7835032633112973,0.5384872750161344,0.8416343314321655,0.07759517621457536,0.13102706712477424,0.19410887287334594,-0.001318930861317097
381,9,0.7322834645669292,0.9391383793660832,0.9790725189555188,0.8582677165354331,0.878347037739827,0.102158282027949,0.10215828202794897,0.10489813803878327,0.33260122525739605,1.1386768694092004,1.1091299224971587,0.6301251825389801,0.8645028504947466,0.02002632310503387,0.11170404249911141,0.19604439208878416,0.0005314653440766509
392,13,0.6045918367346939,0.9758268681094325,0.9877612086070843,0.9413265306122449,0.9403157751463183,0.06066705821014999,0.05264678198036524,0.05079517138197043,0.18610924335865203,-0.09783909870750021,1.2486301257072547,0.609960623218184,0.9102142975624454,0.01191300056006118,0.20048163868125127,0.23906054768846313,0.000303261814697392
337,11,0.7596439169139466,0.9307002314814816,0.9787312135759326,0.8130563798219584,0.8600742669753086,0.16585064464765528,0.16585064464765528,0.13438827239284185,0.41297653642508264,1.7705080002293783,1.1862442456645539,0.5937932722662913,0.8476419356756602,0.04636567049106409,0.09481808870746625,0.1825850364095836,0.0002556541996603934
390,11,0.7769230769230769,0.961534084442927,0.9898796369712403,0.9128205128205128,0.9111186980767042,0.06924588551336505,0.05895633614948201,0.06893495121608832,0.23648304295546008,0.8487267275465469,1.0855206120176115,0.7179667407735949,0.8983089771819882,0.008532660553291443,0.11310681709524972,0.1733136094674556,0.000195498290590998
377,12,0.5464190981432361,0.9417759609379436,0.9588234143814895,0.8647214854111406,0.8702520865269971,0.07052976508271946,0.06385562663103317,0.0971887156151507,0.30877067006603215,0.5496890495537604,1.1414560226001758,0.501078195339485,0.8607123242215574,0.009163026361785516,0.15769689450169583,0.24784526732756862,-0.002122683572507597
432,10,0.6898148148148148,0.999298807973555,0.9996852627335644,0.9722222222222222,0.9552238805970149,0.07192915309554866,0.06877095549213552,0.02548328183347353,0.10719811209285991,-5.107994993599886,4.379307239562662,0.7253589120840997,0.92341501455935,0.017951900461866212,0.20619255829903976,0.21397033607681756,-0.00024639640617047515
297,10,0.8787878787878788,0.8967645806726267,0.9849044042502715,0.7878787878787878,0.8314176245210727,0.21039715340572718,0.2103971534057272,0.1553941160085467,0.47513639748724434,2.1450480873405895,0.8275412474333621,0.6683907253821516,0.851148809894537,0.08301450934321236,0.035179710366876144,0.10651974288337925,0.0010395741488312127
363,12,0.7272727272727273,0.9934190388735844,0.9975495807299829,0.9614325068870524,0.9608585858585859,0.06586212102036951,0.058008043040180444,0.0331603792804247,0.133200958216353,0.7612581362114502,1.863788380042269,0.6946110385997455,0.9128809567885742,0.00841209978490896,0.17327502734201297,0.1983471074380165,-0.0003238006004877836
323,11,0.8390092879256966,0.9639511779733182,0.9931447304977294,0.9102167182662538,0.8998722679534488,0.07419673008129228,0.07419673008129224,0.06583380404759698,0.21579802785782262,1.1378006832532266,1.230213573395859,0.7648125578444044,0.893010800019656,0.014302113830757777,0.08312988139676987,0.13507270270011212,-0.00041113108650304986
365,11,0.7178082191780822,0.9784332616912473,0.9921205310646877,0.9178082191780822,0.9309642036611576,0.06212768845200961,0.06558114844573718,0.059816483171408086,0.20073125964013938,1.1862406317918854,1.3638491811216926,0.6580856285112745,0.9055611538126376,0.010985697895304184,0.15313157942689704,0.2025595796584725,-0.0005972149554715478
373,12,0.7801608579088471,0.983739837398374,0.9958800974819774,0.9115281501340483,0.9432989690721649,0.09739502586271438,0.09739502586271431,0.06757330850544661,0.22383027798260097,2.741538624316003,1.8942176797945378,0.6827658320461328,0.9103419382628875,0.02820412082838485,0.13273164781297517,0.17150989369577876,0.0005909417942581707
399,11,0.7393483709273183,0.9483050847457628,0.9829732959129017,0.8872180451127819,0.8863754889178618,0.087237135092095,0.06885630620714114,0.08708012345015394,0.2851422300968692,0.7953889050237434,1.1133083978770353,0.6704920647201772,0.8713348406569885,0.016147322182357184,0.12224996377859737,0.19271235733443884,0.0004704077119552924
362,12,0.8121546961325967,0.9844437775110044,0.9965236294264171,0.9226519337016574,0.9410764305722289,0.0766006126590318,0.0766006126590318,0.05492339582727321,0.18349395504335322,1.8632132216038069,1.4487871994199166,0.735554083473565,0.9173985169905803,0.017722623392368637,0.11411993589089027,0.1525594456823662,-0.0012387373565713733
342,10,0.7192982456140351,0.9643462059620597,0.9861700275835398,0.8625730994152047,0.8917682926829269,0.12520743610875879,0.1323343610973941,0.09940224475455446,0.3115813737385716,1.8100919893986442,1.6547145906724448,0.5972048664611168,0.8531013423395891,0.036511236733779956,0.13922392861457433,0.20190827947060633,0.00020665716474251028
360,11,0.6472222222222223,0.983542293264844,0.9912373291128282,0.9277777777777778,0.9334594978202833,0.07292762138080289,0.059889779394887384,0.05648197936528299,0.19624360676704558,0.7935704372166502,1.698662575288643,0.6129160970143148,0.8874842861879823,0.010648540443958437,0.18256273818773816,0.22832561728395062,7.055982511209452e-05
363,12,0.7134986225895317,0.9988862488862489,0.9995567625687686,0.9724517906336089,0.9806949806949807,0.07241874439887233,0.05963279005000978,0.0254139513606638,0.10893728226205844,3.273584512368311,3.212612917199813,0.6700223985002406,0.926377835640454,0.013727001380107575,0.19336039025231957,0.2044183381523727,0.0006290020805031007
386,9,0.4274611398963731,0.9796242972713561,0.9777252648333766,0.9222797927461139,0.9244481009186891,0.09577781643623266,0.07671346174650076,0.06270994361878884,0.21375145322817296,-0.9325377544305257,1.5661297106211298,0.4941761134562885,0.8715803159231369,0.0203812214962157,0.20254738601571443,0.24473811377486646,0.00013799436342112892
380,11,0.5526315789473685,0.980952380952381,0.9874107973926158,0.9394736842105263,0.9396358543417367,0.05497322197138125,0.05351690167553721,0.05058955483914571,0.18852958646637072,-0.034826449206512844,1.5756628186432524,0.5564596327068867,0.8872097858143835,0.0062122390790190106,0.20236907137184146,0.24722991689750692,-0.00048352976553877464
447,11,0.7360178970917226,0.962907629694503,0.9865741374110037,0.8881431767337807,0.8968368450878368,0.09995638312515068,0.09388398743512723,0.08266732128596369,0.2638068209748559,1.1391744965820634,1.4393313823548557,0.6508693980260932,0.8637295153055153,0.026068980317471784,0.13825410280392436,0.19429555225240103,0.0005568915200152291
386,11,0.6139896373056994,0.9771189080508595,0.9887444473487218,0.9326424870466321,0.9451476793248945,0.056984266534041754,0.06285667304256323,0.05413636510275173,0.19413414551496985,1.662096439336666,1.606100293407893,0.5618338403076998,0.9212644675797569,0.012948167670253224,0.1961484363720261,0.2370063625869151,0.0003302712176095207
314,12,0.8057324840764332,0.9653340244929696,0.9920714300341326,0.8885350318471338,0.9183891660727013,0.11798883767006077,0.1179888376700607,0.08545651221283013,0.28191728108297737,1.8809244909287413,1.4205066974851943,0.6877436464063724,0.8840784966671363,0.02778460695924195,0.09907607732226673,0.15652764818045353,0.000220334395401367
383,13,0.6866840731070496,0.99882762991128,0.9994578433456562,0.97911227154047,0.9666666666666667,0.07099178415421858,0.07099178415421845,0.02192720282974858,0.1019337535805401,-3.8287129647837403,4.3295341558014595,0.6997693904374902,0.9227052428376878,0.014656273116605499,0.20793454537365302,0.21514905684816177,5.641823863433357e-05
397,10,0.8312342569269522,0.9551786521935776,0.9913356815225416,0.760705289672544,0.8560606060606061,0.25375128615408815,0.25375128615408815,0.16946237512450396,0.510040370351857,3.3775181984338163,1.5349825419094327,0.577482970772864,0.8380732761737562,0.10440561378826618,0.07501995158190321,0.14028386703804982,-0.0002071541199088478
358,11,0.770949720670391,0.9900583244962885,0.997136920944024,0.9553072625698324,0.945298692117356,0.05485270102956881,0.025383672568471908,0.03578966109286371,0.1318352077106465,0.24452570555218614,1.642877672220433,0.7578348649376719,0.9193175530580685,0.006394576577700482,0.14726046341230176,0.17658624886863708,6.929905882790272e-05
358,10,0.6452513966480447,0.9404506254899956,0.9731099922475408,0.88268156424581,0.8984558748338276,0.056474820084868545,0.06179355727609178,0.09180636953042016,0.2991076148427182,0.6901403662974382,0.9997373903152946,0.5887765765631762,0.8990649378737523,0.007286620978866546,0.1451831926758583,0.2289020317717924,0.0008009094556195168
353,10,0.5949008498583569,0.9694971694971695,0.9820910444857905,0.9121813031161473,0.9172660672660673,0.06705084194619951,0.06428585185099003,0.06902346062715412,0.24241870978022487,0.5949446813794268,1.55756061300837,0.5612150894678817,0.8654440172587333,0.007863188363697536,0.17883259176791996,0.2409938286961616,-0.0010009646647850534
396,10,0.6641414141414141,0.9712112982074959,0.9869634949071324,0.9166666666666666,0.9186797792961492,0.05643469396503423,0.037411900718715585,0.06441264199325049,0.2196635341504995,0.4384679507336836,1.4295798482857087,0.6375588046459695,0.8810592621794792,0.0063825961560197535,0.16479784908812023,0.22305759616365678,-0.00022970123830580447
307,11,0.5146579804560261,0.8639452892702404,0.89749903569489,0.7785016286644951,0.7836632401665109,0.1402695253325035,0.15262966975284353,0.1707407941062015,0.5327483745877114,0.948074194827594,0.8253070879207787,0.37532134579316195,0.8688978322717683,0.03954400488555816,0.12025869828445983,0.24978514360895077,0.001670343896152393
342,12,0.804093567251462,0.8974219810040707,0.9754919918778499,0.7923976608187134,0.8370420624151967,0.16583467935540047,0.1658346793554004,0.14918630974090483,0.45640664250610924,1.5418418614707063,0.8035313855851243,0.6382588878960616,0.8646163593879568,0.050869081049410785,0.05827502768600923,0.15752710235628056,-0.0009348459787772989
356,12,0.4803370786516854,0.9780938833570413,0.9818474076829906,0.9353932584269663,0.9349612770665402,0.05138495570100599,0.04320538431947189,0.053150862318983874,0.1934696014828571,-0.16273714336737563,1.504887542982362,0.49962404227619506,0.886900277328743,0.006002147632660695,0.2019208612837437,0.24961336952405,-0.0005437935539831101
321,10,0.4236760124610592,0.999483306836248,0.9993060453597905,0.9688473520249221,0.972972972972973,0.09352640738828183,0.08869447207780586,0.030054656437374736,0.12216402157965348,-5.6974739402110215,4.209342721334197,0.5016214482970093,0.9130831664813027,0.025071233213514697,0.23950175172989388,0.2441746489261556,0.0003105260275983214
325,9,0.6369230769230769,0.9287234913616638,0.9640646086719533,0.8492307692307692,0.8634242200933432,0.09420356490307971,0.09322381393750634,0.10893676623181062,0.3476018041995082,0.7919402649523238,1.1442524182894735,0.5588013893895578,0.8432124265326397,0.015040124406241275,0.13573007376278048,0.23125207100591716,-0.0016253554175673368
413,12,0.6658595641646489,0.9306719367588933,0.9688962330446338,0.8523002421307506,0.8674308300395257,0.08087375939018951,0.07324440107094486,0.10765332267850829,0.33497727075379047,0.7367194504410778,0.9810548800360019,0.5948775753752642,0.869518622099925,0.011658052266098097,0.12632947949575185,0.22249060497511272,-0.00016585506695067365
375,11,0.68,0.9574183006535948,0.9823544520086156,0.864,0.8955882352941176,0.1305134687167631,0.13051346871676314,0.10458634249167623,0.34200675766107824,1.9192900542694384,1.317055792178667,0.5494865312832369,0.8827570368554312,0.03115387533002716,0.14404906204906204,0.2176,-0.00011847078928887977
336,12,0.6904761904761905,0.9769562334217508,0.9911302442825902,0.8928571428571429,0.9224137931034483,0.10208449675253418,0.10208449675253417,0.07974967296885743,0.2591703904315952,2.5169600983762,1.7186678922169438,0.5883916937236562,0.9058389523405703,0.029531575106514645,0.16362642279133877,0.213718820861678,0.00012569979200355297
383,10,0.5300261096605744,0.999671592775041,0.9997098355394247,0.97911227154047,0.9777777777777779,0.07326466757077141,0.0718754699300199,0.021995797853770527,0.101798615792603,-4.797694728190216,4.189161875500743,0.5783705389682046,0.9228846192058983,0.015653246003288917,0.24264781071438446,0.24909843273865115,-0.00010807017378506797
368,11,0.6467391304347826,0.9395927601809956,0.971000843317635,0.8586956521739131,0.880284421460892,0.10226819090191763,0.11672223395350026,0.10855673323451183,0.35117964056547174,1.180239197581307,1.1365681062411321,0.5444709395328651,0.8730989788359558,0.01997713059716673,0.1394858038827654,0.22846762759924386,-0.0004022210791333469
361,11,0.48753462603878117,0.9169533169533169,0.9290256868624964,0.8365650969529086,0.8337684275184275,0.07500317178522853,0.07281082414359331,0.11984138762681094,0.3751653447303628,0.6877754817449844,1.0649542640962482,0.4187183133445546,0.8537372289090208,0.011041021363357058,0.14026059781800018,0.24984461445200698,-0.0007836503705529047
456,11,0.45614035087719296,0.9529699131513648,0.9530873755440329,0.8859649122807017,0.8812034739454093,0.05185681559634411,0.050150704251358084,0.08502232256699839,0.2755236248932564,0.2866189071507857,1.24767096606774,0.4401134826743121,0.8625626462186502,0.006641487375755215,0.16944337332718012,0.24807633117882424,-0.0002521226604009358
330,10,0.5696969696969697,0.9006592747977226,0.9409972496783869,0.8242424242424242,0.8405753670961942,0.11018420957524841,0.09592958047699579,0.13109284291164797,0.4140700900212646,0.8413605677444507,0.9466930332054558,0.4737673892199739,0.8688366918511816,0.021355375241486167,0.1348483586853334,0.2451423324150597,-0.0005565060595645044
412,12,0.6067961165048543,0.980641975308642,0.9894449596252035,0.9344660194174758,0.9416543209876543,0.05793445862325861,0.058164433716541085,0.05404195055318474,0.19172268028284778,0.9783591184030038,1.3613941168621535,0.5632149578782752,0.9130934750552057,0.008358194948687838,0.19381218624691837,0.2385945894994816,0.0009013523519336847
351,10,0.6923076923076923,0.9759945130315502,0.9901754524311122,0.9173789173789174,0.9248971193415638,0.05825990963821704,0.054708291739925856,0.06155352054959581,0.21031268679081652,0.8922358734703513,1.50045903060647,0.644911140199379,0.8903724701220016,0.008604494138035592,0.15818902783336203,0.21301775147928995,-0.0018796972343677124
422,8,0.7085308056872038,0.9551621937624057,0.98445754397524,0.909952606635071,0.9077412513255567,0.08392770504866151,0.05583282564217442,0.07358633927477867,0.2504234545970321,0.398383231949029,0.9871912639278592,0.6800918847858998,0.9056182000844639,0.017637703427583515,0.15120121101296352,0.20651490307944564,0.0006349437807130209
353,8,0.43909348441926344,0.9996089931573802,0.9995099909973744,0.9773371104815864,0.9797979797979798,0.08134691761468635,0.07725561364692057,0.023839785420512766,0.1110698630703194,-4.753501195969933,4.068778407546075,0.49837258930878775,0.9157422588604324,0.015700588723743445,0.2377918127904084,0.2462903963598135,-0.0003593868726357863
421,13,0.5819477434679335,0.9472866419294991,0.9679435521458526,0.8812351543942993,0.8867578849721707,0.04925338139609506,0.05971949112600443,0.09001232079572892,0.28972342350723085,0.4194621525199884,1.0644434373904101,0.5470491990103522,0.8762625533450731,0.006432403195537714,0.1596291006137256,0.24328456734051376,-7.55491265969771e-05
336,10,0.48214285714285715,0.8993898112672059,0.9116123416431627,0.8184523809523809,0.8142826734780757,0.09149527892224406,0.07944859426751012,0.13475896417345026,0.4204330907934621,0.6229229634291177,0.9017153159277598,0.40337135928624046,0.857969414815932,0.01818003295621753,0.13150759719516392,0.24968112244897955,-0.001594594036582908
354,12,0.9548022598870056,0.94896449704142,0.9975066087300465,0.8926553672316384,0.8842455621301775,0.1292085468337316,0.1292085468337316,0.07908790256576363,0.25540696228336873,2.593083640807704,0.9174309683148539,0.825593713053274,0.9063371879054839,0.04871198408702045,0.012761407906481158,0.0431549044016726,-1.7578016448263623e-05
365,11,0.5506849315068493,0.9466084213080936,0.9672821365378369,0.8958904109589041,0.8987380172309186,0.04301599161039686,0.0335384276002834,0.0811795185894448,0.27204402431168134,0.1053945139517377,1.0725989766953847,0.5441790160470676,0.8826339598235339,0.004248672238392118,0.1697359470967948,0.247431037718146,-0.0007642442702985308
305,11,0.7114754098360656,0.9328131545873481,0.9745165502714467,0.8262295081967214,0.8643695014662757,0.1357934335849002,0.13579343358490023,0.12894040393312248,0.3979215188549575,1.493658562606619,0.99085923562939,0.5756819762511654,0.8823922872870464,0.03602853826592366,0.11283683795877014,0.2052781510346681,0.00047055259130088234
371,13,0.8194070080862533,0.9527199528672426,0.989944065679006,0.8867924528301887,0.8960133542812254,0.0921061086113387,0.09210610861133865,0.08392242529695998,0.26965863135290213,1.3094671932380373,1.0339817985146964,0.7273008994749146,0.8957531182273063,0.01877237205394956,0.08275121952078675,0.1479791631853881,-7.789042159092596e-05
339,10,0.7581120943952803,0.9919806396507546,0.9976801469729624,0.9321533923303835,0.9552529182879377,0.08251024206016326,0.08482455234814787,0.05114205865466937,0.1762640306887105,2.9788370057163704,2.3615058132562514,0.6793728058729112,0.9105969575741437,0.02482372600139003,0.15707038633405163,0.18337814672688194,1.057226044901688e-05
362,10,0.6049723756906077,0.9898138391289076,0.9937730792498528,0.9502762430939227,0.9491969217996615,0.061728857818543294,0.05214099316713375,0.04152257974542923,0.1563745011676405,-0.11580906888598196,1.7162505327151791,0.6172481796894441,0.9009222563012058,0.0074889343204574315,0.20464260049770902,0.23898080034186991,-0.0003045544191891056
310,10,0.6129032258064516,0.9616228070175439,0.97917270729919,0.867741935483871,0.8890350877192983,0.10929567889353885,0.11059668029861326,0.09720241464972648,0.3138738440136728,1.8059647911769705,1.3548404022452414,0.5036075469129129,0.8892974558234846,0.027215861635525425,0.16607073490566482,0.2372528616024974,-0.0011955736826315122
361,12,0.7146814404432132,0.9555956950402649,0.9840346205558681,0.8808864265927978,0.9050011289230074,0.10118577505219245,0.10118577505219255,0.09030736479373783,0.29918994474867017,1.3875021677489479,1.1961040234080313,0.6134956653910209,0.882344312044756,0.01791392762047206,0.13128445308054165,0.2039118791292271,-0.00023398887541967173
377,14,0.6419098143236074,0.953749617385981,0.9773097413645044,0.883289124668435,0.8959902050811142,0.06343457503762187,0.06353530934210389,0.08714004357078266,0.2813445427493982,0.8234507865701455,1.118403866123017,0.5803804537647288,0.8871519907471247,0.008910804335651334,0.15082272423349896,0.22986160459863927,-0.0008096411300089895
361,13,0.5152354570637119,0.947741935483871,0.9628296008244275,0.8947368421052632,0.8958218125960061,0.04047667869885922,0.03388254474837552,0.08228265048290385,0.2725696138659083,0.10994879187194177,1.049185961636145,0.5077835470460548,0.8839779204213429,0.004600856374217762,0.17201754471414865,0.2497678808480598,-6.854202522503516e-05
382,9,0.8638743455497382,0.9882284382284381,0.9982046129164742,0.8795811518324608,0.9303030303030303,0.14871427122948844,0.14871427122948844,0.08465755330353861,0.26717679654271687,3.8611621277594215,2.1283472617480887,0.7151600743202498,0.8834413670804433,0.05646628831885457,0.08915659835093524,0.11759546065074973,-0.0002475973151304517
354,10,0.768361581920904,0.9463773314203731,0.9840507679732978,0.8531073446327684,0.8788558106169297,0.11969866194274217,0.12062386090012611,0.10384979978974306,0.3213322272797068,1.4667633951719323,1.294020205706308,0.6494572990779813,0.8581323270216065,0.03194558021022801,0.10534386005469767,0.17798206134890995,-0.0007339817146972266
295,11,0.43728813559322033,0.9474175772858877,0.9533889962265346,0.8983050847457628,0.887176613430466,0.05011164596756516,0.044115145979513146,0.0789489984254524,0.2673439666404692,0.6377275982415523,1.1912804618630384,0.4033524003172461,0.8961603431795848,0.0071338724598199585,0.17312749318299575,0.24606722206262568,-0.0011246029139974772
384,10,0.9192708333333334,0.9488257333455177,0.9954599041157042,0.875,0.9025861281184319,0.14625427983840275,0.1462542798384027,0.09533204543454958,0.3077654497931844,2.3332165434453893,1.0042086914230701,0.7730165534949306,0.8961138758586603,0.049174047509690316,0.028674995978728142,0.0742119683159722,0.0006210255876152176
341,12,0.7096774193548387,0.9804240754653978,0.9932331047527667,0.9501466275659824,0.9529384756657484,0.0486173428368481,0.03939377488375452,0.04239509366539289,0.15964749088374777,0.5960588692088482,1.2143992210830625,0.6832289648008845,0.9317476476226145,0.007179187486907636,0.17089531164218624,0.2060353798126951,7.583800797640594e-05
315,10,0.7365079365079366,0.9621416701287909,0.9881753711638999,0.9111111111111111,0.931917324470295,0.09348018448619087,0.08592999736805984,0.07460633921364314,0.26108607860124616,1.4164690229025496,1.1226154482379074,0.6519798722147525,0.9159395441399262,0.01968493204861403,0.13994357913171337,0.19406399596875784,0.0008009903279846409
335,8,0.47761194029850745,0.9536428571428571,0.9555850895984638,0.8865671641791045,0.8860714285714286,0.10362077850718315,0.10496266582859648,0.08812816684901638,0.2875890547637588,-0.08835341704168544,1.429211306142725,0.48818695657517297,0.8388197670992019,0.018880957871141687,0.18100553745725603,0.24949877478280238,0.0007539716523283363
359,10,0.6796657381615598,0.9159301496792587,0.9634323988176561,0.83008356545961,0.847416250890948,0.10238573084088623,0.09805520905085707,0.12292325553918135,0.38426469640778976,0.9020788228796985,0.9707171733305962,0.5816105291107029,0.8504740529868512,0.017663602582176238,0.11025383857066953,0.21772022253086182,-0.0022067310031871623
362,7,0.292817679558011,0.9126621462264151,0.8697933437015111,0.8674033149171271,0.8343897405660378,0.06862750872554083,0.07097950016086703,0.09936534192910337,0.31853782926314955,-0.5486476201981056,1.0214445386084512,0.3499869405430936,0.8397197001433574,0.0163984178551856,0.12294740022271114,0.207075486096273,-0.001161161799644081
211,9,0.6018957345971564,0.962692163479565,0.9806173627839508,0.919431279620853,0.9250093738282714,0.0595118097426724,0.04014796735124612,0.0654462540598129,0.22701050896646455,0.44418284659849194,1.0432783023611563,0.5750869689159106,0.9189712786047813,0.011707869482436468,0.18582579007659308,0.23961725927090585,-5.3084616936330264e-05
350,11,0.5514285714285714,0.9509917164450018,0.964960272616326,0.8171428571428572,0.8330088115903765,0.1531270754661684,0.15312707546616852,0.1301024853871769,0.401516616031872,2.222033647978646,1.5119603025291353,0.398301495962403,0.8594243950921754,0.04719215386772919,0.16300227166508519,0.24735510204081634,-0.0014424988562834473
410,11,0.8390243902439024,0.9365750528541226,0.9880479808168035,0.8463414634146341,0.8839411557434813,0.15605075543512328,0.15605075543512323,0.11565251014990276,0.36861552307049417,1.852795700964092,1.051918383715941,0.6829736348087793,0.8694932674093231,0.041837925652541144,0.062226402486735215,0.13506246281975018,0.000978524164346642
267,10,0.7677902621722846,0.979543666404406,0.9943916493640961,0.9363295880149812,0.9360346184107002,0.05733950700916875,0.06075074849405697,0.049466895742093654,0.17972090067954394,0.8217168254921486,1.4771361634168831,0.7227514927052525,0.9021401117601716,0.007040341760365417,0.1342114370267381,0.17828837548569906,-0.0016503844772327234
365,11,0.6602739726027397,0.9607816891982333,0.9818428217824942,0.8986301369863013,0.8958305447731227,0.050621339979622385,0.04261027354505979,0.07473439617409385,0.23884045398566386,0.1814786677806622,1.2080627911297819,0.6470552449379908,0.8795556157484014,0.007606716510734838,0.15682267462534874,0.22431225370613625,-0.0003618994174284934
393,10,0.5877862595419847,0.9907541018652131,0.9943132573716931,0.9567430025445293,0.9595157928491262,0.03708463012175875,0.02481315006881656,0.03431335212699266,0.12840067850933926,0.49464980290816735,1.5239097514406197,0.5774717405117632,0.9277237732974215,0.0030120916185620494,0.21089672520824548,0.24229357263562729,-9.558691895120153e-05
363,10,0.7052341597796143,0.9802132009345795,0.9926054518160147,0.9256198347107438,0.9363865362149533,0.06071681013201645,0.05447171992557263,0.05543955862435234,0.19065284781101746,1.0926677905244924,1.6453359535257985,0.6621864909585227,0.9011777920973928,0.010434032205884524,0.1614321348753664,0.20787893965955573,-0.0014412783657215059
400,12,0.795,0.939369535204786,0.9844287628601317,0.845,0.8753643196809326,0.14733428949992702,0.147334289499927,0.11424286470781247,0.3605460144261544,1.6536705895082304,1.2000544545713057,0.647665710500073,0.8513161916226004,0.03742254516233093,0.08635541001763827,0.16297499999999998,0.00020072956311983914
316,11,0.6360759493670886,0.9562621674237508,0.9794366589174982,0.8987341772151899,0.909236426562838,0.056138668745061016,0.04021655819476811,0.07627638090523538,0.2524549450972833,0.5971964683714814,1.0602759616592976,0.5958593911723203,0.9052614022853075,0.00639285812889568,0.15977000988765755,0.23148333600384555,-0.0018298033398482932
351,9,0.5982905982905983,0.8759878419452888,0.9198631811368633,0.7606837606837606,0.7860182370820669,0.15344061821355234,0.15180872399372727,0.1727545791962679,0.5209360707478098,1.0668099007472938,0.8764787442217474,0.4464818742968709,0.8261668578101041,0.0396557849291404,0.10637588432460228,0.24033895828767624,-0.0008642796959464349
282,10,0.7092198581560284,0.9634146341463414,0.9861082933447387,0.8971631205673759,0.9059146341463415,0.06899207385782011,0.06674292641753006,0.07540268439399979,0.2458764797342568,0.8380164845146967,1.3503435483061188,0.6532071596378509,0.8787459202359036,0.010951099462050362,0.14108534343557733,0.20622705095317137,-0.0006901225856446175
407,9,0.7076167076167076,0.9874824929971989,0.9951680121302253,0.8624078624078624,0.9027777777777778,0.14838076973020622,0.1534018276143538,0.09644553555480949,0.2986681259998337,3.7212918921964224,2.3483382972588616,0.5592359378865014,0.8709526365385323,0.058016435254481864,0.16811811595960732,0.20689530271839857,-0.00034808645846361175
318,12,0.41509433962264153,0.9647686542847833,0.9688212694344422,0.940251572327044,0.9346285434995112,0.05336038522947441,0.04254510109800193,0.05340651775953132,0.20064622725516434,-0.06888651639854962,1.2338859022681168,0.42791740999808475,0.9055992191390306,0.008377272394552089,0.1981680150085714,0.24279102883588466,0.00040623153766598114
406,12,0.5763546798029556,0.9444692903995229,0.9652102002309109,0.8669950738916257,0.8784535877559134,0.08123013236081257,0.0848873532807311,0.10156413059010737,0.3262490261453709,0.9571965150626586,1.1012077216508749,0.4977640690619961,0.881730935795783,0.016989560978360563,0.15977734189065324,0.24416996287218812,0.00018194863021191165
364,11,0.5137362637362637,0.8624127617148554,0.8928435127950108,0.7857142857142857,0.7890268588174869,0.11226475772473336,0.10056439962566835,0.16116126022595373,0.49810389829296814,0.5599541058747917,0.765365015978066,0.4207086722540412,0.8427695535947607,0.023404990960973395,0.11189910191625255,0.2498113150585678,-0.00015594387733491866
320,10,0.840625,0.9096144033821707,0.9833699129768457,0.825,0.8641300386325534,0.14348130385564734,0.1434813038556473,0.13159390652459801,0.4115965642857267,1.6114555169125062,0.7462992409302287,0.6971436961443527,0.9012773122261846,0.04942335693996844,0.052255434452700075,0.13397460937500003,0.00045137466232963996
309,8,0.41423948220064727,0.9185514502762432,0.9217519408541001,0.86084142394822,0.836606526243094,0.08603984811532986,0.07354433900558176,0.10656107116600408,0.3468059474018498,0.8156426705159869,1.057566383798521,0.3479591747461851,0.8937285883662267,0.019124985367413253,0.15471701949294056,0.24264513358678694,-0.0004920282952555477
319,10,0.5924764890282131,0.9012617012617014,0.9400540866845954,0.7774294670846394,0.8049654049654049,0.16510032640745442,0.15405600757135665,0.15926562624283971,0.48724451051660306,1.3056026299181274,0.9717029053302019,0.4408664254071713,0.8565958845263079,0.04753087817684201,0.12737583527952992,0.24144809897701477,-0.0023375156314871526
367,12,0.6185286103542235,0.9887665198237886,0.9939794328663891,0.9536784741144414,0.9570799244808055,0.042108772503004835,0.03914276440872065,0.0374790816346272,0.141592830345211,0.545993212186764,1.566788504485022,0.6025401313619294,0.9188822352398568,0.003824991287025075,0.20222623126052508,0.23595096852749667,-7.064691936945616e-05
423,11,0.5437352245862884,0.994345573327326,0.9954728627755833,0.9621749408983451,0.9627168281144403,0.05837162085672716,0.03460868678910125,0.0321693541163311,0.12458881313151586,0.13921281210451006,1.7514167300502266,0.5465218930671073,0.9198854977019391,0.006830487385781041,0.22303274691987535,0.24808723013038692,0.0002843835200384906
311,9,0.7845659163987139,0.8984585270369464,0.972145492282696,0.7909967845659164,0.8343222412527527,0.17641696162863324,0.1764169616286332,0.1533746794413462,0.4695568133772841,1.5619869247462659,0.8853845843272066,0.6081489547700806,0.8486242007212632,0.05192297226816783,0.06788745371023719,0.16902223922416018,0.0003169216592553703
364,10,0.4697802197802198,0.9445504954095082,0.953632229544185,0.8873626373626373,0.8861164136593642,0.07557495699464159,0.05572441600599205,0.08739647035885506,0.28294224392934025,-0.21435865565221976,1.042380597133137,0.4898004596496297,0.872893358140686,0.013099781656352595,0.1747990361929055,0.24908676488346818,8.960011939784795e-06
471,10,0.5456475583864119,0.9697807192988835,0.9776269742865871,0.9023354564755839,0.906596603512855,0.054137941754348766,0.05610254812719486,0.0714828137785733,0.233442557076678,0.6823118501937234,1.3275603155184648,0.5088519121382157,0.8867048818675874,0.008841642062704347,0.18461035588849822,0.24791630041335913,-0.0006647728089919647
415,13,0.6626506024096386,0.9724155844155844,0.9874597252506118,0.9036144578313253,0.9202597402597403,0.07559127408323804,0.07559127408323803,0.0731258207753338,0.24239077279910656,1.3709750846703994,1.308587276275989,0.5870593283264005,0.9016767866072481,0.0142084710953139,0.1650115148670767,0.22354478153578167,0.0003840830113149285
333,12,0.6996996996996997,0.9263948497854076,0.9687802334878898,0.7957957957957958,0.8369527896995708,0.168405759818521,0.168405759818521,0.1443085787079693,0.44237641342004236,1.6640464255846728,1.1026164981344306,0.5312939398811787,0.8430734482549294,0.04682375895984035,0.10994479950146141,0.21012002993984977,-0.0026904106902594094
353,11,0.7223796033994334,0.9625050020008004,0.9871945526079327,0.9036827195467422,0.908203281312525,0.06117960908264996,0.040851023007175295,0.06922398602069203,0.22635233823210615,0.605398808371637,1.1991324988133056,0.6837271573264301,0.894284830487827,0.007758035189146719,0.1371419292336065,0.2005473119919107,-0.0019394319267588972
368,11,0.6195652173913043,0.9781954887218045,0.9882126167869385,0.9184782608695652,0.9286967418546366,0.05364164882627479,0.05425144269711247,0.05930888040479898,0.19867629784640775,1.0204661940864386,1.4088452933943263,0.5755527499415121,0.9067719897913713,0.009274648558756402,0.18499002953943605,0.23570415879017015,-0.0006798974046915152
331,11,0.5921450151057401,0.945880574452003,0.9698484831262381,0.8882175226586103,0.8894746787603931,0.06602373135163812,0.04358304896449669,0.08645415814276591,0.28229222187869746,0.08012240783990875,1.0629829337103085,0.5859778317438945,0.876512625482817,0.00917751112303137,0.16403561248202775,0.24150929619116293,-0.00019703668940063146
330,12,0.793939393939394,0.9518971710821733,0.9880526815958754,0.8363636363636363,0.8860574764256848,0.14706906925370694,0.14706906925370697,0.11859106512229062,0.3684670005644812,2.1574485371217897,1.1040642218984322,0.6468703246856871,0.9003024574326721,0.05200591027388297,0.0960382812582226,0.16359963269054179,-0.0009761965839115427
335,13,0.6507462686567164,0.9800439112365718,0.9908338293804537,0.9373134328358209,0.935995452050498,0.042871683787817395,0.04267777199946443,0.049645074110334114,0.1770641581640548,0.073281783993201,1.4301016895012406,0.6480518922791305,0.9009272456925069,0.004699200675665695,0.18203147201937303,0.22727556248607708,-0.00029821703203564143
390,13,0.7743589743589744,0.9537928958458758,0.9871740884867843,0.8641025641025641,0.8961468994581577,0.12122884610979591,0.12122884610979598,0.10189030786620033,0.32401736280261795,1.6981433339769185,1.069030968051458,0.6531301282491785,0.8957839160204084,0.03296042057777147,0.10638124158899716,0.17472715318869164,0.0005839756887343756
369,10,0.6395663956639567,0.9398496240601504,0.9723061919843712,0.8834688346883469,0.9023352873709698,0.10287252421670984,0.08527676435843502,0.09618571382175142,0.3254466957936136,1.0776720496665417,1.016198199210416,0.5542896313055217,0.9031674616383094,0.023330019079206964,0.1592731594710069,0.2305212212013719,0.0016076330121794769
390,13,0.6820512820512821,0.9558573853989814,0.9813593132917253,0.8871794871794871,0.9000727625515401,0.07456886345939572,0.07063684574859548,0.08595001120196144,0.27969708572237056,0.9265702401814675,1.1230419618906387,0.6114144363026865,0.884161838843373,0.01097050768109715,0.14232920992197012,0.21685733070348454,0.00045138273934988704
370,12,0.5540540540540541,0.9153584626755358,0.941139446531667,0.8189189189189189,0.8318551367331855,0.11518251995068243,0.12555096636881144,0.1344372859715015,0.42027840511589065,1.1007971198854445,1.0755555674137764,0.4388715341033716,0.8534763804184963,0.023812736398204106,0.13615947560024,0.2470781592403214,-0.00029413406678399645
351,11,0.7806267806267806,0.9344487629159162,0.9820369677041857,0.8205128205128205,0.8663617404493317,0.1776479719989045,0.17764797199890453,0.1309276428760342,0.4128807902706772,1.9002899781407914,1.2480826911256084,0.6029788086278761,0.8384292374671771,0.04800308434498813,0.08727799799527634,0.17124860999504876,-0.0010460534687263545
324,12,0.5401234567901234,0.9376030680728668,0.9599379749509281,0.8827160493827161,0.8854458293384468,0.04720822987974312,0.04194863436680092,0.09037325290636569,0.29710230220307715,0.12298447551865303,1.012547189586912,0.52950324905581,0.8765375248131803,0.004764423906838536,0.16197939732267325,0.2483901082152111,-0.0008018818930106975
349,10,0.7220630372492837,0.9520536737031583,0.9843610996385868,0.9083094555873925,0.9174848633611521,0.06948744522019167,0.046338381928073484,0.07343422463563173,0.2461922686928273,0.5993921950267893,0.930895929920855,0.6817917572215229,0.9236583297753855,0.013633933361963925,0.14153036810075753,0.20068800748762325,0.0006426518868020981
313,11,0.7859424920127795,0.9194272539740322,0.9787782452814177,0.8338658146964856,0.8617279456376653,0.13479380619846568,0.1347938061984656,0.12497831463434954,0.39054130000807025,1.3821067923176054,0.9112988340147715,0.651148685814314,0.8715853418822658,0.035959862651229905,0.08010725064174744,0.1682368912615215,0.0008888113633455791
387,11,0.7700258397932817,0.966141316642787,0.9907253178161544,0.813953488372093,0.8791946308724832,0.1938559249439202,0.19385592494392012,0.13765099866579597,0.4246944770900794,3.5782783813395893,1.639892476214841,0.5761699148493614,0.8834993263798163,0.08255661882060562,0.12267056380214784,0.177086045843933,0.0006788978034051874
367,10,0.547683923705722,0.948870107294851,0.9673509746593688,0.8910081743869209,0.8983995684229455,0.07220231579541381,0.08266177816415153,0.08848870236641039,0.3023814114638053,1.0395425581449163,1.23148658560674,0.4763643133172709,0.887238730133853,0.010394014666643558,0.16970120566836205,0.2477262434200269,6.964994810200464e-05
324,12,0.47530864197530864,0.9275401069518716,0.9455379274764595,0.8888888888888888,0.8861726508785333,0.07478376405931321,0.06600715411511049,0.091211167288927,0.3073694111025147,0.08815346782646546,0.9420163441465342,0.4647196083926727,0.8897160556539242,0.013929433309204105,0.17266981199097256,0.2493903368388965,0.0005612091317989676
416,10,0.8485576923076923,0.9278744547866361,0.9872047809325892,0.84375,0.8688115472818023,0.1419862148978702,0.14198621489787025,0.11452025614866511,0.358394767296724,1.6825513108402483,0.9342553789003768,0.7065714774098221,0.8793693198243775,0.04119096820540416,0.054421704571154216,0.12850753513313612,-0.0007565426187209484
311,10,0.40836012861736337,0.9421003081136597,0.9355541274509696,0.8810289389067524,0.8714053406367682,0.06395795156948073,0.03812842311650171,0.09063129414871883,0.2970082958548774,-0.03878825454893689,1.2870528117030662,0.42452439826810834,0.8436201032286386,0.0075149833866019825,0.15797596357736898,0.2416021339729738,-0.0005098596334879718
392,11,0.6045918367346939,0.9329522253981217,0.9615463932144844,0.8494897959183674,0.8643664080577106,0.08177988009744115,0.08132289105873593,0.11067383382200942,0.34925220854857236,0.8616556089343786,1.0756313289468162,0.5232689456759579,0.8617160516021207,0.01266994413332159,0.14038682425972196,0.23906054768846313,-0.0006698337400533466
404,12,0.5272277227722773,0.9690534129734779,0.9782770926948189,0.9232673267326733,0.9250669812943981,0.04718632209636879,0.039929137534013975,0.06338983743596077,0.22223447574064564,0.36437957670691096,1.2748952338094126,0.5103745275818792,0.895084188497597,0.004747221950292086,0.19150618726976049,0.249258651112636,0.0008901516427931577
486,11,0.8641975308641975,0.9682178932178932,0.9948382700829044,0.8827160493827161,0.9066017316017316,0.13299136518942983,0.1329913651894298,0.08432388848543423,0.2669804124521609,2.2005812084650906,1.5619323097539648,0.7312061656747677,0.8725894277764151,0.04224671044826397,0.0756537693762754,0.11736015851242192,0.0003707889010237386
371,9,0.8382749326145552,0.9969989281886387,0.9994299350996791,0.9460916442048517,0.9678456591639871,0.09860144022311715,0.09516857720178538,0.043607462056603916,0.15917689243418223,7.1366461249055,5.811678962541437,0.7595858390154172,0.906302635297391,0.025428759464228512,0.11762628867851876,0.13557006996461812,0.00023492130627604524
362,12,0.6712707182320442,0.9221910986616869,0.9645543554493976,0.8121546961325967,0.8472178995054812,0.15833603036480673,0.15833603036480676,0.14008567530072955,0.4434786120954292,1.5190768533328387,1.0737042732412416,0.5129346878672374,0.8470085988146623,0.03646581956507961,0.11662468723102809,0.22066634107627972,-0.00042179810960168984
384,12,0.7708333333333334,0.9728961916461917,0.9926489871388109,0.921875,0.9333538083538084,0.053795099475880015,0.053022494346754996,0.05913356850499057,0.19809943278994976,1.0465083575381466,1.1030529291944127,0.7178108389865784,0.9265772040059203,0.0066870438995018456,0.1240210793110687,0.17664930555555552,-0.00018170163899810382
306,11,0.6993464052287581,0.9750101584721658,0.9901948095021588,0.9117647058823529,0.9245225518082081,0.0680827910114986,0.06380400163966062,0.06508956076531706,0.21810105749732234,1.150930179558549,1.5763764721107794,0.643218874611913,0.8904636235674278,0.01282866123854587,0.15638943360149488,0.21026101072237174,-0.0016106775941056722
315,11,0.7365079365079366,0.9375259659326962,0.9797111562995994,0.8285714285714286,0.8758828417116743,0.1562930988878387,0.1562930988878388,0.12754129352266244,0.40597071083719344,1.8744559221527612,1.1226602060090762,0.5802148376200977,0.8774885537302294,0.04249810437385048,0.10806456595996017,0.19406399596875784,-0.0009562408599857186
366,9,0.855191256830601,0.9575019591295437,0.9929261914739724,0.860655737704918,0.9028573150883115,0.15322484995745317,0.15322484995745328,0.1086940788090614,0.3524927819584162,2.4390394382071405,1.078648665850349,0.7019664068731478,0.9020905236055679,0.05876337633408031,0.07448271806570508,0.12383917107109801,0.0005742494695881589
407,11,0.6633906633906634,0.9512841308461746,0.9777971235962848,0.8648648648648649,0.8873614490402812,0.10630484503176434,0.10630484503176434,0.10202264241359218,0.3302013539800373,1.3726224808010778,1.1185709355547746,0.5570858183588991,0.8858111877363455,0.024898608862731486,0.1451387263065251,0.2233034911167589,-0.0010407312593730955
416,12,0.7524038461538461,0.9797140109804895,0.9934892266791884,0.9110576923076923,0.927866869319768,0.08959057154098407,0.09535284400007966,0.06605849630994341,0.22009508006429596,1.5813602732313352,1.6077626961103924,0.6687494775909093,0.8882604785223134,0.02186002030844614,0.14242769293948096,0.18629229844674558,0.0003338704942326548
419,13,0.7136038186157518,0.9707357859531773,0.9885467921711649,0.9021479713603818,0.9114827201783724,0.07701953522396912,0.07705352986483292,0.07255690682873761,0.23888318137675235,1.083920209293058,1.4196142003729793,0.6418392614638956,0.8782188074535754,0.016250357734407545,0.14743933006944993,0.20437340867276899,-0.0006275295089890054
351,10,0.7037037037037037,0.9869588913111181,0.9954206225178511,0.9629629629629629,0.9736842105263157,0.04553073244258618,0.040528278043170114,0.03363369758396065,0.1328068707906379,1.4561989521951502,1.4876545354658077,0.6673861895935312,0.9451114940286495,0.006924690065982113,0.18258829263531834,0.2085048010973937,0.000792499055903173
344,12,0.7180232558139535,0.8857631787637213,0.9575805396089082,0.7645348837209303,0.8172503026002755,0.18301327940601894,0.18301327940601897,0.17225746990419769,0.5267158273082438,1.4612190246849779,0.858843900363534,0.5350099764079346,0.8529577985094234,0.05443957429819345,0.08467828560399884,0.20246585992428337,3.032128571969772e-05
351,11,0.5185185185185185,0.9698940113141298,0.9804568016447744,0.9401709401709402,0.9406170752324599,0.052716673226213775,0.05228398725573663,0.05298840355719187,0.1957381788007928,-0.19389976228039663,1.2284197626504336,0.5346582610338081,0.9064008175904406,0.010968400628769042,0.20824856110932216,0.2496570644718793,0.0006114995658656822
432,11,0.7199074074074074,0.9821158087746805,0.9937410427604223,0.9375,0.9464935824187505,0.05966427429151852,0.06091540930008195,0.05065345099781085,0.18055827290942517,1.150198834431452,1.3449868185796805,0.6674803633171734,0.9188637062244559,0.009027817354712548,0.15991742751189963,0.2016407321673525,-9.76710123545832e-05
340,12,0.6058823529411764,0.9747138095928127,0.987223747688937,0.9441176470588235,0.946058542240255,0.0611406699963482,0.036288864721023245,0.05017291564515904,0.18919483761629302,0.27620241846144955,1.2723271004950039,0.5921517496494312,0.9102618092941723,0.009205701856273821,0.19841377192588266,0.23878892733564014,0.0005920583791277564
304,12,0.7993421052631579,0.9319301086149901,0.9840678103474365,0.8322368421052632,0.8827835121095595,0.1529224881655835,0.15292248816558343,0.12458461212941088,0.3918118262752684,1.807239072629558,1.052450710915666,0.6464196170975745,0.8828170818944752,0.0436086707174356,0.07945459031201758,0.16039430401662053,3.6227707372341045e-05
405,9,0.6888888888888889,0.9868293793024976,0.9944640825831167,0.8790123456790123,0.9121863799283154,0.1376944030405183,0.14539913071682703,0.08654399230086096,0.27993733471330934,3.3932266439762504,2.0606791806432496,0.5511944858483706,0.8770757324362923,0.048226288028574205,0.17567052653629248,0.21432098765432098,-0.000332756845741744
449,11,0.7260579064587973,0.9630904284502968,0.9876989843035395,0.9153674832962138,0.911342211581625,0.06032101258751174,0.05504788099690564,0.06770308792246403,0.23278144937234221,0.5011684113863766,1.1303110422551506,0.6888926692034594,0.8939278000739943,0.006787070635247928,0.1381662651780076,0.19889782292746563,0.0001844595377580721
287,10,0.89198606271777,0.9992439516129032,0.9999080231970295,0.9930313588850174,0.967741935483871,0.0523870356716208,0.04887171752688579,0.010567613159676241,0.06587956625596623,-2.989569369791278,4.42052197908531,0.8727009291956254,0.9441596413581316,0.006951326081864098,0.09298704609743957,0.09634692663502045,0.00025640654023127013
402,9,0.7039800995024875,0.9989904088844018,0.9995755877385009,0.9701492537313433,0.9495798319327731,0.0735203080435968,0.05974395169629512,0.02659082250452231,0.10716948670679341,-4.423813662541985,4.006427661059065,0.7400584824361746,0.9252905399891245,0.01892011131574109,0.20053665946257193,0.20839211900695528,-0.000184748355602133
353,12,0.7280453257790368,0.9387970168612192,0.9781893242771034,0.8215297450424929,0.8643806744487679,0.15508555011694408,0.1550855501169441,0.12832663822579266,0.3959202139794597,1.770532904697238,1.2461476243382885,0.5729597756620927,0.8529048562050145,0.04199695855070296,0.11188227912683313,0.19799532939033299,0.0002166294115898415
404,11,0.7004950495049505,0.9455071109423824,0.9772807473348049,0.8539603960396039,0.872105247787869,0.10615684875246965,0.1123049798659356,0.10406423568950526,0.3286493297085444,1.1898394909916958,1.1819423589539055,0.5943382007524808,0.8529078465829877,0.021242747022029124,0.12479613508453558,0.20980173512400746,-0.0021841113719957422
399,12,0.7393483709273183,0.9811277705345501,0.9936143341577305,0.9273182957393483,0.9321707953063885,0.050434550746772736,0.053103328903090115,0.05350307939927232,0.1796820693188131,0.9350090305871299,1.3876821164150677,0.6924075663444857,0.9085523272844636,0.008713823389220488,0.14741929107527446,0.19271235733443884,-0.0005038102491125573
377,12,0.7824933687002652,0.9481603968582059,0.9867879769131791,0.8885941644562334,0.9023976849937991,0.07672326942268083,0.07672326942268085,0.08580563332530693,0.2781594829221306,1.0650240985859647,0.9521975980976102,0.7057700992775844,0.9092291273552595,0.015288767279465671,0.10034885868828979,0.17019749664037603,0.0006682280937550106
325,12,0.7630769230769231,0.9530791788856305,0.9864856412831496,0.8769230769230769,0.9014453288646838,0.11468023840141307,0.11468023840141296,0.09367083354327492,0.30962427325591274,1.5001546017504652,1.2266458225769148,0.6483966846755101,0.8744348492417812,0.022482194653533138,0.10894530329497025,0.18079053254437868,-0.0006565903596666561
411,10,0.4209245742092457,0.9717783066984019,0.9708295327020903,0.9221411192214112,0.9122504493126731,0.05216269596451363,0.05234582694054074,0.06060815106375969,0.2148268325477244,0.6638442527012598,1.5291507725895703,0.40154510011559796,0.8867430065528015,0.006805989595094418,0.1890091905939036,0.2437470770360109,-0.0009357249734420481
385,11,0.612987012987013,0.986207484927767,0.9915097102662679,0.9324675324675324,0.9374928904561484,0.0686444194681252,0.05990948858734722,0.05222656325599883,0.1810930387671375,0.8014549859519452,1.663419754960084,0.5813510295573358,0.8968948665155712,0.010430705630378,0.19557802926521167,0.23723393489627256,0.00013995199455992674
295,10,0.4135593220338983,0.9490192362361414,0.9583188813191822,0.9288135593220339,0.9235999241921728,0.059690191210030316,0.06433089578028715,0.0635528520272419,0.23464069206198518,-0.4223148709179719,1.168960527284507,0.4525036963312606,0.8871482380583637,0.011116506726949122,0.19041458141610523,0.2425280091927607,0.0003229175236373061
367,12,0.6784741144414169,0.9625280784153563,0.984312506767161,0.8910081743869209,0.9107616908311211,0.07463879674318201,0.07463879674318209,0.08191594114400559,0.2645281516965077,1.2064079538300516,1.2325738543102809,0.6038353176982348,0.8979127456550505,0.012998979446456503,0.14950365076834207,0.21814699047435201,0.0002736219915391441
343,13,0.6676384839650146,0.9466023136443729,0.9751363735644996,0.8658892128279884,0.8775377307898566,0.07238660477486346,0.07238660477486344,0.0960514348656485,0.3048816832861716,0.8437797221081992,1.2032445216508747,0.5952518791901512,0.8587886893216546,0.012243712127535984,0.13588678173497526,0.22189733869391154,-0.002202834220823763
473,9,0.5835095137420718,0.9435187228720665,0.964456701838385,0.8710359408033826,0.876416170087545,0.08288980235130979,0.08882010812195759,0.09715205456659495,0.30763134708635526,0.4706712339037886,1.1189730480174223,0.541307470161745,0.8611922833135303,0.016831334740489808,0.16348888499825648,0.2430261611145627,0.0007834437097989089
315,12,0.6253968253968254,0.9469586165361783,0.9726967170817289,0.8634920634920635,0.8840660758840231,0.09356686130469757,0.09356686130469757,0.1011707053046145,0.32465393173322976,1.2263251123984837,1.158661885148722,0.5318299640921278,0.8820775047419454,0.017881661725959556,0.15061250918393776,0.2342756361803981,-0.00037408341780539867
304,11,0.6710526315789473,0.9743137254901961,0.9896195300686514,0.9375,0.9381372549019608,0.05326936466890343,0.05068692311377659,0.05159086107161872,0.18561685658321025,0.3349025792301775,1.133419853530601,0.6533923910490369,0.9230347943449868,0.009153504892428017,0.1780085247240253,0.2207409972299169,-0.00029511632670090743
387,11,0.6020671834625323,0.9424781227356336,0.9664565731318058,0.8708010335917312,0.8772922356613344,0.07256324056431832,0.06894488732110243,0.0957556574035987,0.30842130152544844,0.5106206070617763,1.2280201123661088,0.5570996033223425,0.848695628524909,0.009191499135537087,0.1523483539457821,0.23958229006002577,-0.0006697778461820236
329,11,0.547112462006079,0.9879194630872483,0.9922042908370732,0.9300911854103343,0.9361111111111111,0.09125886037298726,0.08673403341274762,0.0549060890295867,0.19738408543873354,2.5657425068833484,2.5139275711972364,0.48846651539807356,0.8934128120161555,0.022183444758946066,0.21509761098448182,0.24778041592372577,3.9839331396687716e-05
382,11,0.837696335078534,0.9618951612903226,0.992863714050515,0.8952879581151832,0.9114919354838709,0.0951978293229689,0.0951978293229689,0.07684984008975107,0.24919424244062752,1.5732043383389156,1.1267355028146595,0.7424985057555651,0.905758857459795,0.02259534087834965,0.08099340727009927,0.13596118527452647,-0.0007132787930257817
323,10,0.9009287925696594,0.9226804123711341,0.9912027802953314,0.8359133126934984,0.8533075601374571,0.1581998686981919,0.15819986869819191,0.1161631931770955,0.35657552968513717,2.0491215509332217,0.8701618333337918,0.7427289238714675,0.8782893557502545,0.05722052009420756,0.02913088204482444,0.08925610328863502,-0.0011825481609226418
288,11,0.7326388888888888,0.9124145996183911,0.9722438548824118,0.8506944444444444,0.8816089124145996,0.11912519899706048,0.10694837129777524,0.11803802812105883,0.3825766107724877,1.0545480517508858,0.812326617836734,0.6298515632584105,0.9073167041929773,0.03107016631514269,0.10976235052605068,0.19587914737654324,0.0008510649554235861
382,10,0.8219895287958116,0.8953727988010491,0.9765501365539756,0.7827225130890052,0.8217497189958787,0.18172816018017307,0.18172816018017307,0.15109193888634234,0.45559562279762056,1.6816663536401466,0.8662301112197384,0.6402613686156384,0.8420822517086821,0.05775749520585777,0.05122579737541419,0.14632274334585124,-0.0017625022899524778
397,9,0.5088161209068011,0.9268849961919269,0.9426758468047913,0.8438287153652393,0.8456461030718456,0.08435743022568452,0.0692995638655662,0.1146478675466967,0.3582395970269856,0.6713217596847352,0.9177971573432806,0.4395165570412349,0.8861032526952677,0.017445718570634847,0.15099058463490775,0.24992227601215666,-0.0017295424011870564
373,12,0.8176943699731903,0.9593056894889105,0.9912963464913529,0.8632707774798928,0.9049662487945997,0.1287271417394224,0.12872714173942243,0.10082132302425546,0.31670658781306754,2.0819331999393205,1.1371321058341872,0.6889672282337679,0.9067448275956016,0.03977640706386905,0.08764892279379838,0.14907028728733765,-0.00037644853315285665
452,12,0.4911504424778761,0.977810419114767,0.9824059582153571,0.9358407079646017,0.9351547199373287,0.04444940499791936,0.03087777686928555,0.05210037990545176,0.18429496693150743,0.482070943203908,1.305310455347435,0.4765313630525685,0.91545918988212,0.004467108876038457,0.20258697040519857,0.24992168533166262,0.0002985561029492517
383,12,0.783289817232376,0.9569076305220884,0.9889157599481786,0.8668407310704961,0.906285140562249,0.1300716226445574,0.13007162264455732,0.10040316549011793,0.3245919514854222,1.9424961291611373,1.2000893810260493,0.6532181945878185,0.8942834522770778,0.033127666985164665,0.10224214295968494,0.16974687945244699,-0.00022923798780877247
314,10,0.8057324840764332,0.9753774379576232,0.9947656852084836,0.9522292993630573,0.957914857772306,0.04455814790792508,0.03227076321471028,0.040977104831009206,0.15481526103193877,0.7679293683450746,1.2078286231591924,0.7734617208617229,0.9378088803947056,0.004136764371752319,0.11993216922454,0.15652764818045353,0.0002448615033433521
370,9,0.7648648648648648,0.9820884610698184,0.9949266456686974,0.9432432432432433,0.9310547906258885,0.03889811605893916,0.026538878820237696,0.04406473618196619,0.15671998587552577,0.24215556594368173,1.3860615935251126,0.7473470022803022,0.9133767665035472,0.0038664303781048986,0.1394096144065039,0.1798466033601169,-0.0002386831497517214
342,13,0.7573099415204678,0.9534818811927245,0.9866926042639035,0.9005847953216374,0.9016141787226124,0.05845416897803768,0.05086309558291326,0.07543767163040806,0.24911646134466356,0.6815571111122176,1.004011771568984,0.7088049533553105,0.9027851895777511,0.006418969302425224,0.11381605702879041,0.18379159399473344,-0.0009568346379601883
343,11,0.9096209912536443,0.9418941273779984,0.9941467153441051,0.8513119533527697,0.8892162944582299,0.15378253848231252,0.1537825384823125,0.10976600676373038,0.3423895590737481,2.3737867892742077,0.9394452944546183,0.7558384527713319,0.9006516627777847,0.062036219924878566,0.03478280411403514,0.08221064352438189,0.0003019474285050755
324,11,0.3765432098765432,0.9989855542931342,0.9983364488648934,0.9567901234567902,0.9653465346534653,0.10753022320508132,0.09836575711031184,0.03942388810262544,0.15398333427409885,-5.1688023838348744,4.113748287894731,0.4654592613644468,0.8935991766562187,0.02844524022402318,0.22361301630848957,0.23475842097241276,-0.00016675678532092342
351,13,0.7037037037037037,0.9456166303332295,0.9796172201590297,0.8717948717948718,0.8922064777327935,0.08433278644496667,0.08404298227704612,0.09742546820613526,0.31372964705580536,1.0606648547438424,0.9432678849543253,0.6196607214266576,0.9033324514168373,0.018911563534084876,0.12967426197839305,0.2085048010973937,-0.00031663444695026466
352,12,0.9119318181818182,0.9876394332227917,0.9988263713592868,0.9573863636363636,0.9474927143000703,0.052548061333942984,0.052548061333943,0.03201656041402003,0.1184571665030545,1.521227339700634,1.399455569627366,0.8593837568478752,0.9371908900780572,0.008359245480433633,0.0559434903007346,0.08031217716942145,-0.0007113719351004438
376,11,0.8218085106382979,0.9296720282084722,0.9843125010887154,0.8191489361702128,0.8549002560015457,0.1605072270614262,0.1605072270614261,0.12448469964690989,0.37798765565776776,1.7833508206167215,1.0809927615477848,0.6613012835768718,0.8500425020479117,0.047787220373677844,0.0684728414480036,0.14643928248076055,-0.0012689617595249003
349,10,0.7077363896848138,0.9992061601968723,0.9996689218444872,0.9770773638968482,0.9607843137254901,0.06969807784935461,0.06322040973129268,0.02252576547411919,0.09828633781620856,-4.543624324212345,4.415059803249831,0.7334857941470195,0.9278272443444692,0.017077441952593312,0.20166071042500633,0.2068455924007192,0.00026344154581300905
409,12,0.7506112469437652,0.9600498179727918,0.9875596024783511,0.8997555012224939,0.9070383853867279,0.07810636061209285,0.07428632157477988,0.07837073856002359,0.2600679423346753,0.9975487137972789,1.1973226480865482,0.6763249253689855,0.8831589002209025,0.01410669605008454,0.12415079301899187,0.18719400290529112,0.0012208326236398115
289,14,0.7162629757785467,0.9354306586544127,0.976500339295532,0.8546712802768166,0.876458112407211,0.0944052019842009,0.09440520198420095,0.10706133258636696,0.3354760057982007,1.0526642151141645,1.017465152267719,0.6218577737943458,0.8765038716841712,0.017051660948354683,0.11299682456800075,0.20323032530740773,-0.00022382910139469303
399,11,0.6466165413533834,0.9702842377260982,0.9864455519932219,0.8771929824561403,0.9050387596899225,0.11264317268281678,0.11264317268281679,0.09235742188741565,0.2968190428798174,2.5676779731148263,1.6021260486638815,0.5339733686705667,0.9081626333106128,0.03417108060634589,0.17066132573921183,0.22850358980157162,0.00034407721870997887
318,11,0.7421383647798742,0.9618644067796611,0.9880934326760746,0.9088050314465409,0.9146858205870194,0.05456464932357627,0.048797184403959526,0.07050421116218837,0.23303517030978974,0.747410252442168,1.0938054582046197,0.6933411803759147,0.9065537405916718,0.007221357116080347,0.1285202630701591,0.1913690123017286,0.00043410481453852456
372,11,0.521505376344086,0.9859260975327233,0.9872095437978978,0.9301075268817204,0.931599675663153,0.08294482662394491,0.08040082965358608,0.055334452758292095,0.1926715491832637,0.8325659890455451,1.6883959129550064,0.4879535938777353,0.8888597555973141,0.016598459698041173,0.21133078345846912,0.24953751878829922,0.0005292577304208332
410,8,0.7829268292682927,0.9975847947075501,0.9993184133251614,0.926829268292683,0.9532710280373832,0.12239603031735417,0.13056720604390015,0.05604368124614467,0.1936779385742085,5.53179961440017,3.8869798278209413,0.6743780089118199,0.8934695813696892,0.0419436185812051,0.1564735902814741,0.16995240928019034,0.0006212436662233201
354,10,0.6864406779661016,0.973380788195603,0.9885504947672874,0.8954802259887006,0.9140807474140807,0.09258356573270145,0.09217170999771458,0.07720160438336306,0.2517599318536478,1.4661133408651803,1.6560414412376592,0.6063135924811823,0.8753078721039282,0.02044122032219533,0.15854724925689012,0.2152398735995404,6.775971851745444e-05
407,11,0.8181818181818182,0.9894489083678273,0.9978278556216502,0.9361179361179361,0.960960960960961,0.07677751648150206,0.07677751648150209,0.048937773049181406,0.1701182264220728,3.0234819386771843,1.6858909235378268,0.741404301700316,0.9379411060428099,0.021130130712718822,0.12119028536140836,0.14876033057851237,0.0002375971193585638
357,11,0.8151260504201681,0.9488180776840571,0.9885548791472225,0.8599439775910365,0.8906591690096846,0.14136590248992245,0.1413659024899224,0.10441561048933039,0.33350267933329825,1.7838225181424152,1.1950086325735965,0.6737601479302457,0.8660820591190025,0.03567027719428645,0.08272089476202701,0.1506955723465857,0.0007706557104852491
432,12,0.8449074074074074,0.9809037006747087,0.9966282757456542,0.8240740740740741,0.8958904109589041,0.214818597496033,0.21481859749603296,0.1264491710977552,0.3894224965621977,4.0563597876650554,2.0941894376708174,0.6300888099113744,0.8453984636449554,0.08728951723732573,0.09213713134430725,0.13103888031550065,0.0002579048892360769
381,12,0.6876640419947506,0.9608698441208544,0.9823241121554109,0.863517060367454,0.8870036564244018,0.11893348167576955,0.12480436341035771,0.09853242393411095,0.3139281486563481,1.560912824161274,1.4146558136507184,0.5687305603189811,0.8540220839838154,0.029552213943753226,0.14510589026776047,0.21478220734219247,-0.0006961070840742767
413,13,0.711864406779661,0.9754759046475732,0.9911335582975769,0.9297820823244553,0.9356742697078831,0.06101817702754714,0.05868376301466889,0.057976141056255696,0.20676847114455493,0.8844715501071977,1.2939128896928103,0.659632487196972,0.9028529231369172,0.007437480304627968,0.15515405548980674,0.20511347313990233,0.0005792431015321439
412,11,0.587378640776699,0.9814292659212446,0.9875581918656005,0.9271844660194175,0.9292659212445309,0.07866708623426134,0.05021088424267541,0.05783844946658346,0.20018210234141548,0.3724518479685413,1.5896251711583615,0.5707444861406692,0.8834865554683081,0.011300033793120272,0.19632280063753338,0.2423649731360166,0.0004962431749799615
376,12,0.6382978723404256,0.9897058823529412,0.9949242059239192,0.9547872340425532,0.9582107843137255,0.03923671048660285,0.027342916238731464,0.034908805564526156,0.1310976302619974,0.5375321653487454,1.5372542379610075,0.6259293825210563,0.9269763321934945,0.0040731402904353575,0.19864076661829233,0.23087369850611136,-0.0013972666137282222
382,13,0.7827225130890052,0.9614780190998105,0.9899686927416524,0.8664921465968587,0.906012007897812,0.13135680935742258,0.13135680935742258,0.0998238771391974,0.3202127731590802,2.1238302553368946,1.2306321942390428,0.6513657037315828,0.8987600975134105,0.04058550628121999,0.11085701025601247,0.17006798059263728,2.740052135259685e-05
387,11,0.524547803617571,0.9627596915827801,0.9717706180303864,0.9043927648578811,0.9053062754337118,0.06159041550190428,0.0478982725510351,0.07513638871732213,0.2566466221960234,0.1252892398477513,1.435065269900242,0.5208829699508731,0.8576756424126943,0.006995775251610319,0.1809850661893799,0.24939740533755317,-0.0002717256824614628
363,11,0.5482093663911846,0.9570413040813825,0.9713078799038323,0.8953168044077136,0.8980880009805123,0.051527161359591414,0.03890995453588053,0.07763429359270455,0.2558412003817581,0.19957266195780357,1.218773219039423,0.5390199402414203,0.8737666497403797,0.0052830307621026355,0.17360011099128084,0.24767585699216052,-0.001724483170277763
348,9,0.45689655172413796,0.9350770357059667,0.943367624620542,0.8706896551724138,0.8614854746930218,0.07328766413498385,0.07335863866607438,0.09856067066680611,0.32091647755064295,0.7346651582482107,1.0247388367686725,0.39785303881869083,0.8982756005061101,0.014794716767381316,0.1630533034553546,0.2481420927467301,-0.0013228353919507024
398,10,0.8090452261306532,0.9441402419091206,0.9873253410597619,0.821608040201005,0.8796992481203008,0.1785791406718396,0.1785791406718397,0.1303135581859495,0.4035354856039113,2.2516308812743957,1.2837160185810157,0.6304660854588136,0.8641492847548019,0.057478312883182704,0.08178172235582401,0.1544910482058534,0.00012591945273740524
404,13,0.7797029702970297,0.9568396647048334,0.9879704658837132,0.8712871287128713,0.8932762618155876,0.1115961311164526,0.11159613111645271,0.09416303758178421,0.295807250586873,1.5456782904551438,1.1354008825950206,0.668106839180577,0.8845346580313428,0.02984163410865045,0.10739696406502915,0.1717662484070189,-4.78808688559873e-05
335,9,0.5313432835820896,0.9773849567022114,0.9843997234534527,0.9253731343283582,0.929023831675374,0.06579644387477704,0.05800261388961974,0.05937928345956533,0.20485099142263008,1.314611112760508,1.4529994457289193,0.4834071058762919,0.9165652032960228,0.011928318550790098,0.20175987961414837,0.2490175985742927,0.00019324594863089767
369,14,0.5772357723577236,0.9475141446972433,0.9657305169429593,0.8509485094850948,0.8657457565908271,0.09902873866027088,0.10182073553748378,0.10814648138392967,0.3392531382998359,1.26759090758773,1.1952656846558358,0.47820703369745265,0.8732451762061726,0.021013823716402844,0.15608957322796785,0.2440346354683059,-0.0008124045728112178
398,11,0.7814070351758794,0.9145877222160625,0.9770087180284048,0.8241206030150754,0.8543445319141072,0.13078801860539985,0.13078801860539985,0.12802760411560302,0.39464675379058956,1.3198965739112816,0.8624555549618339,0.6506190165704796,0.8727713499235015,0.03274558725512656,0.07568040819445063,0.17081008055352137,0.0001523445014057212
369,11,0.37669376693766937,0.964122614951517,0.9543920643893377,0.9105691056910569,0.8955270566155771,0.05506621986719516,0.03842529341280794,0.06952245762964067,0.2377078131918985,0.17121811220018518,1.4382141744670143,0.38582713216357317,0.8706620520392516,0.0053618228869132265,0.1700912066570284,0.23479557288797823,-0.0005437314882223848
311,11,0.7331189710610932,0.9497991967871486,0.9838196494267349,0.8906752411575563,0.8947896850560135,0.06400195316420035,0.045586383187665634,0.0812150794287547,0.2617008991140245,0.615616333271689,0.9453840384501603,0.6875325878734276,0.9043479356319829,0.008693832667070679,0.12198909411143241,0.19565554533141716,-0.0011452044583007276
421,12,0.7553444180522565,0.9727972156072541,0.991744332523083,0.9216152019002375,0.915292788667033,0.050933905537665324,0.034714752637056735,0.05863561585270541,0.1966613885226698,0.5345692243838095,1.3273704090936536,0.7206296654151999,0.896953377807659,0.006419691936566777,0.13224470278237857,0.18479922816955446,-0.0003386014710372587
328,11,0.6859756097560976,0.9717799352750809,0.9886510758093234,0.9176829268292683,0.9294714131607336,0.052922074177486005,0.0641440829604316,0.06492632179213931,0.21757225687719656,0.9418682863881535,1.2059681809307157,0.6347670029710306,0.912322913902678,0.008121282905738204,0.15953854878632573,0.21541307257584769,0.0009305150968791365
378,13,0.8253968253968254,0.9594502719502719,0.9917658136224861,0.8941798941798942,0.912004662004662,0.1055434142245607,0.10554341422456084,0.08101410002377801,0.26886855628694545,1.5571622448876685,1.1688199446089065,0.7198534111722648,0.8896444721049168,0.020508184372445247,0.08426915787678804,0.14411690602166796,0.0006581675064528392
393,11,0.7760814249363868,0.9501117734724293,0.9863065686470729,0.8575063613231552,0.892026825633383,0.12780567382468982,0.1278056738246899,0.10614747530880832,0.33995641739565846,1.7222965888169228,1.0417080365117595,0.6482757511116969,0.8924187641154752,0.03364264820714802,0.10120043946192812,0.17377904680509423,-7.378024150581086e-05
425,13,0.7529411764705882,0.9887797619047619,0.9963231812479862,0.9176470588235294,0.9389136904761904,0.09447049865961579,0.09639156778839633,0.06003169691332808,0.19977910276694488,2.3480111145048443,1.8465772876868243,0.6617947528541749,0.9009495886421388,0.02828590803732248,0.15383427952286086,0.18602076124567474,-0.00044069284680827575
320,12,0.534375,0.9898740138937949,0.9916254862824071,0.95,0.9506260057302092,0.06985654538857734,0.05477067622443657,0.042998233885332304,0.1635008272323263,0.1950940005860847,1.7854765386859963,0.5332392548319431,0.8954834535889462,0.007875742065289773,0.21396430717719778,0.248818359375,0.00026843962224032403
371,11,0.7196765498652291,0.9539397868049554,0.9822097671486829,0.8517520215633423,0.879393546528378,0.12817687827739635,0.1342636813423333,0.10506411622652272,0.33156336504509465,1.579309284303456,1.2766764620843467,0.5914996715878328,0.8551762643052151,0.031105206620607107,0.12652735767827697,0.2017422134393095,-0.001255946155116927
372,9,0.6801075268817204,0.9809346663566613,0.9920505312371902,0.8682795698924731,0.9031620553359684,0.13273110335943522,0.13764334113652407,0.09247725276135493,0.29292119442556797,3.0089946167643147,1.9997414133380893,0.5473764235222851,0.8769884923513233,0.046739135762208846,0.17105291555863877,0.21756127876055037,-0.000770246202765501
378,9,0.4947089947089947,0.9711901895455946,0.9775750477403933,0.9126984126984127,0.9128846207688216,0.07751067347401498,0.07167500231003474,0.06766774455608505,0.2249809161783087,-0.7296510331745464,1.3282420071974346,0.5487870756447416,0.8760596110971974,0.014085558887176317,0.19556338191028783,0.24997200526301058,-0.0008264376838140325
388,12,0.770618556701031,0.9858329262335125,0.9961669092036947,0.9072164948453608,0.939799331103679,0.11908423837800712,0.11908423837800719,0.07147771037397586,0.24362788937947857,3.190383179644716,1.830519105041384,0.6515343183230237,0.9006416949392526,0.03571586565350625,0.14142768153422847,0.17676559676905088,0.00042392948564720645
360,11,0.6444444444444445,0.9732287176724138,0.9875276432990989,0.8944444444444445,0.9146012931034483,0.10269636885865625,0.1056411057107279,0.07738466272421754,0.2572644747184067,1.8429842106328655,1.827280594956942,0.5591707300013696,0.8777634597988481,0.026131617734693698,0.17672676111043104,0.22913580246913579,-0.0011559963691809005
430,11,0.7093023255813954,0.9592918032786885,0.9839720812102045,0.8465116279069768,0.8823606557377048,0.12983677689326747,0.1298367768932675,0.10857610976387327,0.3348595547415715,1.8952116053884438,1.2618401701926945,0.5794655486881279,0.881705595134154,0.037034799083545865,0.13418396936752866,0.20619253650621955,-0.0004672564583634853
392,13,0.5076530612244898,0.9669331111516131,0.9754870570214436,0.9183673469387755,0.9191293253833936,0.033048977884794384,0.027741199302382762,0.06428490874181188,0.22154571007857912,0.5509118659554931,1.1978729233933114,0.4810876967164973,0.907261570981997,0.0028200976939713137,0.18801986871604914,0.2499414306538942,-0.0004567508900045064
297,10,0.6195286195286195,0.9949018853405156,0.9969237167299793,0.9595959595959596,0.9639765294343978,0.06312771307163823,0.05771184961913888,0.034196811600991944,0.13270507671974946,1.072426981368689,2.1218311003538552,0.6062976866334496,0.9161097314515383,0.008343256147087474,0.20969908006945043,0.23571290911358253,-0.0001602735902276331
368,13,0.7771739130434783,0.9060634487463757,0.9746025233079344,0.8152173913043478,0.8550230257547331,0.14627864236225635,0.1462786423622564,0.1386572043061922,0.4332174691621938,1.3941518117124876,0.835895875342632,0.630895270681222,0.8763010011123882,0.03806910808056805,0.07298767851671847,0.17317462192816635,0.0004011528141762699
381,10,0.863517060367454,0.9577390694411971,0.9935827998665083,0.8372703412073491,0.905775075987842,0.1636570612875818,0.16365706128758184,0.12389551656719922,0.3867775583455458,2.96581792920234,1.194161953982979,0.6998599990798722,0.9198944716156824,0.06998782744204261,0.06485125804718729,0.11785534682180479,0.0009036003505391021
429,10,0.46853146853146854,0.9810159727677403,0.9835736987641769,0.9370629370629371,0.9369599371563236,0.06011505868976187,0.05716346744918365,0.05090058454542187,0.1826447584518523,-0.4808907554732989,1.46137339462921,0.5020337468423905,0.8933519849290431,0.0077488728390028875,0.2052834794875649,0.24900973152721403,-0.0005745403332301502
384,10,0.8828125,0.9502458210422813,0.9936814141626509,0.8463541666666666,0.9129793510324484,0.16982443362529834,0.16982443362529842,0.11707544591628867,0.3715033712588168,2.5745231806186135,1.1590736208242778,0.7129880663747015,0.89539004709764,0.0612642667639902,0.04893280954071969,0.10345458984375,0.0012893988492681668
309,11,0.48220064724919093,0.94375,0.9575060508014037,0.8964401294498382,0.894001677852349,0.05050360459661002,0.05698063575844295,0.0824506891742694,0.2858513892012576,0.5585261274702348,1.2173814146768365,0.4467991898508007,0.8779919006612946,0.005833483041723654,0.17152738125127087,0.2496831830416523,-0.0015385956578356785
306,12,0.7320261437908496,0.9559015679442509,0.9858878071526718,0.8300653594771242,0.8839285714285714,0.15843323090639325,0.15843323090639325,0.12067460618360908,0.37538525685904095,2.5412513371009107,1.4967048538942886,0.5735929128844564,0.8785062119687985,0.05273750811160213,0.1273431980467736,0.19616386859754797,-0.0008835724787674276
249,11,0.6706827309236948,0.9112750109537024,0.9616615327215241,0.8313253012048193,0.8556302030086169,0.1026283158623522,0.11659635442055209,0.1286735857249111,0.4025654226739838,0.9317245300429635,0.8504409709858405,0.5680544150613426,0.8804736357445533,0.027847855708098283,0.12136116377810294,0.22086740536442961,0.0013194884304861543
418,11,0.7631578947368421,0.9486083404578702,0.9848385538977433,0.8492822966507177,0.8873214907697666,0.14374008477810932,0.14374008477810926,0.11275058885268409,0.35966995628893705,1.8148337470837261,1.1847624261186027,0.6194178099587326,0.8735268918114767,0.03693649918591678,0.10441750051361592,0.1807479224376731,-0.0005163322572898643
323,11,0.8575851393188855,0.9121801914927014,0.9852068764910248,0.7616099071207431,0.8428818081933762,0.2380372169683057,0.23803721696830568,0.174595086322446,0.5355887095729382,2.4850957693180717,0.9704064719459942,0.6195479223505799,0.8565442075155741,0.10258639734457471,0.0505831315996213,0.12213286813829327,0.00045895243919932827
441,7,0.6145124716553289,0.9873236379422617,0.9928507310786784,0.9410430839002267,0.9344909919687432,0.07427189123883232,0.05574743148383623,0.0475818089375942,0.16900802675155674,-0.6696471467126016,1.6550214634377052,0.6452657335324788,0.8962342295141399,0.012953335663813913,0.20215129685489258,0.2368868938353875,-0.00010712370671461802
333,9,0.7957957957957958,0.8922863485016649,0.9740907925187496,0.8198198198198198,0.8430632630410655,0.14369630986316995,0.1278941575239721,0.14048360543613686,0.44481562782245565,1.2479208385213063,0.6654502113295552,0.6679016382718238,0.896611974078196,0.058634825715670726,0.08135336836363444,0.16250484718953184,0.0006973008945687365
341,12,0.6656891495601173,0.9681582811654688,0.9864557115471124,0.9120234604105572,0.9251874178839168,0.0593488281259513,0.04823032316091911,0.0663079802204534,0.22156399175519667,0.9028996784848781,1.1439679468144641,0.6174588263991981,0.9186942530315062,0.009799395817825414,0.16497291851608942,0.2225471057180451,-0.0010656027993276862
426,12,0.7910798122065728,0.9901643716867269,0.9976334708184336,0.9225352112676056,0.9510385756676558,0.10854657939522425,0.10760848412506865,0.06120464231732842,0.211401852917155,3.422130461733246,2.027651019361273,0.6834713280815041,0.9072751666904045,0.0349962255572824,0.13992300982977435,0.16527254292578633,0.0008588836640340269
350,11,0.7485714285714286,0.9691620402498267,0.9906251041496634,0.9142857142857143,0.9276544066620402,0.06238291136218888,0.060115124129158246,0.0655956369170963,0.21971421049968407,1.0690158904271538,1.1097446087117817,0.6884563044422704,0.9175028306349196,0.008256299774956628,0.13068801260617238,0.18821224489795918,-0.0001848951496471185
360,11,0.8111111111111111,0.9720487510072522,0.9937668261671687,0.8944444444444445,0.9236502820306205,0.1175242872594105,0.11752428725941055,0.07973029255259943,0.26570149051296615,2.0653733949736863,1.3391572048834774,0.6935868238517006,0.8944995603108428,0.028507047478824127,0.10157561728395063,0.15320987654320986,-0.0004110141854839211
335,14,0.8029850746268656,0.9159625999774699,0.9797700558972346,0.8029850746268656,0.8544553340092373,0.17591361014516466,0.17591361014516474,0.14379104934808784,0.4435437051745982,1.7817137300405257,0.9486138086831365,0.627071464481701,0.8625180573496535,0.05307545888462957,0.06798181750676739,0.15820004455335265,0.000497363416873009
331,11,0.7673716012084593,0.9225380918294305,0.9775855887721394,0.8006042296072508,0.8519787299314858,0.1693283678562509,0.16932836785625097,0.14037009100956865,0.42918721576673297,1.7445957786764632,1.1075708745494617,0.5980432333522083,0.8516877270147454,0.04978028968362841,0.08609730833656895,0.17851242686722463,-0.001825317204715432
356,10,0.7219101123595506,0.9328302480053453,0.9768169148093686,0.8623595505617978,0.8736194631136265,0.08340224833994277,0.07112840834576786,0.10010460062841631,0.31883371179777387,0.7891146826210163,0.9521928351922714,0.6507817040137828,0.8798380809442338,0.011697255600959635,0.11013398696232703,0.20075590203257163,-0.002214570042787925
406,13,0.7955665024630542,0.9770599425566041,0.994445049868858,0.9064039408866995,0.9322242530493492,0.09375693337613206,0.09375693337613202,0.06964496901756877,0.22880633693902017,1.986756280967033,1.3708365568090453,0.7018095690869222,0.9126524237371325,0.023841150003385627,0.11661928171272057,0.1626404426217574,-0.00021734189485368705
316,12,0.8544303797468354,0.9863929146537842,0.9978182317479677,0.9525316455696202,0.9541867954911434,0.06627779723455582,0.06057700847915656,0.03837591610656929,0.1478999511298449,1.3938739379896357,1.61629748375966,0.7938533712676789,0.9156415359197242,0.010594721679795548,0.09596860993872688,0.12437910591251401,-0.0006293015470133917
408,11,0.6053921568627451,0.9291372243317323,0.9550674184607357,0.803921568627451,0.8294062916488546,0.14563924184955881,0.14563924184955884,0.13941195924362498,0.42413894168470306,1.4783215922151354,1.1613662900417583,0.4597529150131862,0.8425186571583618,0.0393796819496036,0.13858702835190548,0.23889249327181855,-0.0002731876258916799
368,13,0.6793478260869565,0.9536610169491526,0.9816662828531524,0.9021739130434783,0.9056271186440679,0.04548367583934314,0.033814865557836776,0.07536621406957644,0.24929890437634436,0.34706119251729883,1.0340245045504084,0.6541268657348653,0.8980230348247479,0.0038858981149656278,0.14591837117843964,0.21783435727788278,-0.0004356701448323119
368,12,0.4782608695652174,0.9690755208333333,0.9711774450406807,0.9103260869565217,0.9086174242424242,0.058686055821504865,0.04480457837276545,0.06935228110449276,0.2361071664731403,0.3614691430830228,1.4353172034754063,0.46306918412754394,0.872379303256405,0.006974361203227319,0.18688405239966416,0.2495274102079395,-0.0002654379070098911
405,12,0.691358024691358,0.9845714285714287,0.9938237245298399,0.9432098765432099,0.9367857142857143,0.031589392684402647,0.027758281648805987,0.0438266785276515,0.15435398323234734,-0.007681374729680611,1.387688274006328,0.6891776094814996,0.9146242228566751,0.0035849443947650757,0.17248150881895735,0.21338210638622163,-0.0006588634343778627
366,11,0.5191256830601093,0.9538277511961722,0.9668324031465366,0.8989071038251366,0.899700956937799,0.056095685806407274,0.055809780544722395,0.07993463265782297,0.26334172132923256,0.0011429065955885745,1.096655837190687,0.5214281803634961,0.8813171466709626,0.00856909189637402,0.1788795369050217,0.24963420824748425,0.0006108694189863872
393,13,0.6055979643765903,0.9894551368934671,0.9935791905868167,0.9491094147582697,0.9467335321225264,0.0682463011930053,0.05890680957473303,0.042616451520242085,0.15716787121843684,-0.21681039155022727,1.7023101215308123,0.6156267498831761,0.9010887086701619,0.009538608536455113,0.20614022843205293,0.23884906991952037,0.00036900149631953483
301,11,0.5714285714285714,0.9635839192356229,0.9786415910976334,0.9003322259136213,0.9089147286821705,0.07604284517646331,0.08491100497134119,0.07279783736245114,0.24350098402970313,0.9428321219919026,1.46701709256154,0.5286027269215794,0.8855525648784148,0.015070276382595607,0.18485999050783103,0.24489795918367346,-0.0023104076959869074
368,10,0.9592391304347826,0.9782813975448537,0.9990787934906762,0.8478260869565217,0.9206798866855523,0.19412406902864193,0.19412406902864185,0.10912326592450114,0.3375767726110799,4.409407548205146,1.639087825074874,0.7651150614061406,0.8746600963561701,0.0882743546560442,0.018950452399124285,0.03909942107750474,0.0006999425900764689
389,9,0.8663239074550129,0.9849920109564025,0.997812457855145,0.9331619537275064,0.9614243323442137,0.0807310983922094,0.0807310983922093,0.05142466148033973,0.17733465871400345,2.5714945346332376,1.479903305002148,0.7855928090628036,0.9358215561214939,0.019998472617580615,0.08453998069405205,0.11580679482689117,0.0001593747299199963
398,11,0.7562814070351759,0.9602698907421996,0.9881634980111,0.8944723618090452,0.9092715004966263,0.07783952760808055,0.07783952760808055,0.07901841127982662,0.25794214427403134,1.1512102865716707,1.141457074642837,0.6784418794270953,0.8966990054392906,0.012954472018209975,0.11826102455188069,0.1843198404080705,5.123405426826766e-06
365,10,0.6493150684931507,0.9961102320675106,0.9979298426216516,0.9671232876712329,0.9710904535864979,0.07411043441627849,0.07191910121081264,0.03159966928921866,0.13544219614240227,1.205936241011485,2.2964402673651945,0.6209567820838151,0.906434751423077,0.009432993926407073,0.20570399207195567,0.22770501032088572,0.0001656571138815427
344,12,0.7151162790697675,0.9065455450472871,0.9642074364340792,0.7965116279069767,0.8331674133067861,0.14999942830343904,0.144193145941376,0.14378281232042003,0.4361044909526144,1.2779221231790483,0.9594679912881815,0.5709231331283915,0.8458844117065142,0.03573180857633185,0.09405669473968764,0.20372498647917792,-0.0016172879954020891
350,12,0.8085714285714286,0.9645060914508728,0.9920610298383015,0.9085714285714286,0.9092874848372976,0.06844388698659493,0.06451430718052163,0.06600077029872763,0.21835418360996456,1.013660952694815,1.1983602033208125,0.7440571213909071,0.8978234306347177,0.010874928797483127,0.09851992856521827,0.15478367346938773,-0.0011379034029249668
346,13,0.7427745664739884,0.9514274472084991,0.9841341116542589,0.869942196531792,0.8904166484501377,0.09445980184804385,0.09445980184804391,0.09492983319079196,0.3012869433894967,1.2422063734543543,1.014260629134185,0.6483147646259446,0.8918759335090974,0.01852118944752053,0.11353884332578958,0.19106050987336698,-0.0011130228043059742
370,10,0.8621621621621621,0.9436351343045056,0.9908989243478078,0.8567567567567568,0.8839818058884996,0.14712115496335415,0.14712115496335415,0.10504178431500918,0.33294923251493574,1.9451504474381405,1.0494350178500507,0.7150410071988081,0.8741631694719678,0.04200736155907847,0.056241458200917666,0.11883856829802779,0.00043731265882059056
390,11,0.5487179487179488,0.9786268054375532,0.9856478546499804,0.9307692307692308,0.9298534409515717,0.054832296742600165,0.05305143883527903,0.05550460493282111,0.19520372175119313,-0.330025161377529,1.4602408596839245,0.5698054351581238,0.88808781749547,0.0077542998119036095,0.19936383093325222,0.2476265614727153,-0.0005124254185455979
359,11,0.5181058495821727,0.9702591832929331,0.975712050243859,0.9080779944289693,0.9092703089067065,0.05427469209871505,0.04806540339345117,0.06833310325769335,0.22711067667958812,0.3684451171411816,1.3542896175886587,0.5019535123553562,0.8825253108512779,0.0071634530525480165,0.18703594299801338,0.24967217821090773,-0.0014665850077490161
371,11,0.8140161725067385,0.9479796525578271,0.9884144267890576,0.8490566037735849,0.8849217775218351,0.13691140555092335,0.13691140555092335,0.11087084429896636,0.3502122494340248,1.8561624694736634,0.9874572561390251,0.6771047669558151,0.8950536175387369,0.04303976742496929,0.08215673684268286,0.15139384340421824,-0.0014060296875383071
322,10,0.48757763975155277,0.971742906774754,0.9801339411032994,0.953416149068323,0.9525381200540437,0.03566106721474569,0.030948814618020973,0.04390437916137584,0.1742852816352294,0.3312113139303156,1.3588569085242403,0.48641542344311883,0.9183899518548406,0.0040643715617337695,0.21037422751276622,0.2498456849658578,0.00036855014655047535
336,11,0.5595238095238095,0.9989577343300747,0.9991722186328078,0.9702380952380952,0.9662162162162162,0.08720104333327766,0.07917011207741612,0.029490756249493984,0.12625172005552104,-4.437207284027581,4.205638247112394,0.6086468305904771,0.9078108127553803,0.021908279304932162,0.23886763038548756,0.24645691609977324,-6.808769723868485e-06
402,13,0.6268656716417911,0.9726719576719577,0.986371185489014,0.9054726368159204,0.9219047619047619,0.07736383266498952,0.07736383266498946,0.07254441875881726,0.24529669447376082,1.630250654918406,1.5155872020356267,0.5495018389768016,0.898866374172365,0.01600630801789616,0.177056949384065,0.23390510135887724,-0.0003100412338911396
322,11,0.6118012422360248,0.9637766497461929,0.9788414568838002,0.8975155279503105,0.9016243654822336,0.05659214942429519,0.04463526612246984,0.07648204255788474,0.2493282202340594,0.5028160602714755,1.2893589612584928,0.5755650956747211,0.8730302499566767,0.009240703118020756,0.16993443516532902,0.2375004822344817,-0.00032470762928868413
383,11,0.7545691906005222,0.9607229625266878,0.9887078120943018,0.9112271540469974,0.9124641095487005,0.05607675251205362,0.053157031734281844,0.0673856400459753,0.2279547209199868,0.67837484403229,1.0753899291134263,0.7102466152685686,0.9076947177217547,0.00652446066518593,0.12264798757473735,0.185194527196995,-0.0016853602414682728
297,10,0.7003367003367004,0.9393366464995679,0.9764324201192075,0.8585858585858586,0.8797536732929991,0.09221042150754867,0.09129523915850742,0.10761912915062859,0.33834281448679787,1.0529090081397707,0.9029297380971152,0.609041461178193,0.8988403461916261,0.0262217533950823,0.12898785399329252,0.20986520649820312,0.0005200232506356872
403,11,0.6153846153846154,0.9513527575442249,0.9738664700024672,0.8858560794044665,0.8951612903225806,0.05487069023041012,0.04886994213156148,0.08699301585891941,0.28228127302711953,0.6330046716602106,1.1141363406823726,0.5665146732530538,0.881353723827513,0.006426275139764397,0.15604576511088206,0.23668639053254437,-7.388470250729862e-05
364,11,0.5686813186813187,0.9873534570294471,0.9914749730076553,0.9313186813186813,0.9380750176928521,0.08285385764519673,0.08577410738626871,0.05391142108931326,0.1930767470513799,1.6699284357418251,1.909211742806767,0.5105414601935911,0.8946622475859372,0.016941037403373934,0.20793122843004275,0.24528287646419514,-0.0003812643482130687
376,13,0.7819148936170213,0.9554504728720756,0.9882228861379094,0.8882978723404256,0.9021901443504231,0.09670294399338694,0.09670294399338694,0.08509571546587773,0.28069398915066834,1.2998221744024212,1.1326786478329194,0.6852119496236343,0.8838317758337286,0.0173088973131803,0.10288260912134244,0.17052399275690358,0.00014543451713627809
299,9,0.5083612040133779,0.9829036877909059,0.9848020168852859,0.9331103678929766,0.9330916577157179,0.0768125798940461,0.0590866660215432,0.053291102087331024,0.19089391388518473,-0.16268550428847575,1.6233028062784096,0.5247247214273559,0.8841464072982453,0.011556195850248197,0.2068125556281729,0.24993009026744667,-0.0013826284021909302
367,12,0.8119891008174387,0.959634276821321,0.9905729660641733,0.8637602179836512,0.893833284699932,0.13377198517629,0.13377198517629002,0.09878808271113101,0.30968169972279463,1.9647593816936801,1.202706862392544,0.6782171156411487,0.8829071388338725,0.04177323939836563,0.09475011277018316,0.15266280097112608,-0.0008978448881775403
410,12,0.6390243902439025,0.9635599339797813,0.9809195590227666,0.8951219512195122,0.903239116979575,0.07880205323981358,0.0690750149094011,0.07981811500027065,0.26610953693621375,0.7724606052817544,1.4631738339871438,0.5837627179842952,0.8595904349183725,0.012133228072919288,0.16287370255070793,0.23067221891731113,-0.00011362943925181945
389,11,0.5089974293059126,0.9763075784018193,0.9800921924604474,0.9203084832904884,0.9209767835422286,0.05720808715995342,0.04466022063594598,0.061734850540699965,0.21115398676820907,0.5085184348796068,1.4726210657926713,0.48914587611356913,0.886287357976032,0.006497859345100136,0.19489951566794833,0.2499190462658851,0.00021746059766306058
365,11,0.6164383561643836,0.9268571428571428,0.959816239028574,0.8465753424657534,0.8620634920634921,0.09846881001481857,0.10424562763304339,0.11778827603256149,0.3752337255111567,0.9021320093749223,1.0089545273893503,0.5239954208585761,0.8620020532022811,0.02042032283333583,0.13996750366038507,0.23644210921373615,0.0008933476458745787
359,11,0.48467966573816157,0.969120844982914,0.9756574827309312,0.924791086350975,0.9230972351662007,0.04558718093384075,0.040887941370151046,0.062069567750100356,0.21846910951476736,0.684747976287558,1.3560229965179917,0.4584959929184659,0.9018227249766988,0.004195566277181622,0.19285830511504481,0.24976528735810555,0.0009670192298580002
271,9,0.6863468634686347,0.9159392789373814,0.9663962029425905,0.8339483394833949,0.8598671726755218,0.1252619321964081,0.10617802961750611,0.12802466930723264,0.40468716213101114,0.9695017932455298,0.7601112243190179,0.5859843937718962,0.9091981501462729,0.04568477031832425,0.1327937692927137,0.21527484647540202,-0.00014117819377992835
446,12,0.8856502242152466,0.9634648796227353,0.9953568256555356,0.9103139013452914,0.9152146934723255,0.09946078666890987,0.09946078666890987,0.06870439334561912,0.23158288298933727,1.706052867980537,1.120346912428335,0.786189437546337,0.9027718131846425,0.020618811544992535,0.05378376568886274,0.10127390456273,0.0005954429267593236
309,11,0.7346278317152104,0.9676587514773827,0.9890986466164448,0.9061488673139159,0.9127538411947996,0.06719088210443885,0.06883679505562762,0.06916308982449765,0.22881878937688777,0.8655242237974888,1.373453787765165,0.6792822047751055,0.8851136950296388,0.010486913514560482,0.13560280489460116,0.1949497805846189,-0.0006707993800805778
363,13,0.8567493112947658,0.9465743259955478,0.9911941261373777,0.8842975206611571,0.8844298788028692,0.09813583810617348,0.09813583810617336,0.08533494218596345,0.27160237057887965,1.4179067463689163,0.9556461365852739,0.7586134731885925,0.8972098689441821,0.02320693668913818,0.06051494023094052,0.12272992889071026,-8.698316294446229e-05
362,12,0.7541436464088398,0.9608182080092194,0.9884251203593305,0.8287292817679558,0.8864468864468864,0.1706811826467784,0.1706811826467784,0.1284526585847416,0.4013548176894926,3.0010681417679916,1.4546327216815194,0.5834624637620613,0.8966399461808635,0.0634327677703533,0.12087137228463807,0.1854110069900186,0.00048025610900778726
441,12,0.6122448979591837,0.9839072991119775,0.9896835385307556,0.9183673469387755,0.9269005847953216,0.09846583696361269,0.09967036395347122,0.06373902167021651,0.2187981277074244,1.252239938384818,1.7693798546148363,0.5496649679859632,0.876759703037711,0.020417425948355352,0.19457128900665713,0.23740108288213244,0.0004918018463858503
413,11,0.7506053268765133,0.9847478860006262,0.9955734632320346,0.9588377723970944,0.9596147823363608,0.05453605172574809,0.03316906768755765,0.037025161287945224,0.1453733626905735,0.6976112302946894,1.2842302442396702,0.7190131194864153,0.931237743913952,0.008071280903742201,0.15896544259996756,0.18719697014111594,0.0007223528430546355
402,11,0.7935323383084577,0.9621180647354308,0.9904777423215433,0.8482587064676617,0.8954753182007025,0.15903660770592984,0.15903660770592987,0.11005821215553518,0.346576657310443,2.3575264341417568,1.434810535246024,0.6344957306025278,0.8675667844873685,0.048536196154306994,0.10168290201734304,0.16383876636716913,-0.000633848348597893
400,11,0.5775,0.9090652936806783,0.9406419104826755,0.8,0.8204872051025898,0.13801722808116337,0.13801722808116337,0.14681780268812164,0.45404699569720686,1.2449090851512656,1.080113688092998,0.4394827719188366,0.8420089918180159,0.02988750544644694,0.12735533760446616,0.24399375,0.0002918848461408441
347,11,0.7636887608069164,0.983341003221353,0.9953457367052397,0.9452449567723343,0.9388863322595491,0.037365757977077564,0.03129828551331516,0.040962337239544684,0.14253713828028292,0.28226697317523497,1.3306296835200817,0.75192051216081,0.9254431680445078,0.0033077313730350043,0.1419441534389337,0.18046823742411283,-0.0008694781186694353
368,11,0.6385869565217391,0.9329707246840506,0.965494244217806,0.8478260869565217,0.8645336746120621,0.08528186219400655,0.08520027753589285,0.1118090522544637,0.348424446751759,0.8949620926291896,1.075121302307588,0.5533866789858463,0.8606462957692543,0.016304227833998958,0.1353830274627179,0.2307936554820416,9.419640114106953e-05
436,12,0.676605504587156,0.994278158432504,0.9973453207599384,0.963302752293578,0.9617742517129463,0.05462721351076128,0.027629083198979363,0.030238066247491008,0.11618427074070686,0.207762130712699,1.7021681731825788,0.6694591150342172,0.9263644934820453,0.006830064692366976,0.19559431972370697,0.21881049574951603,0.0001918255293149873
405,9,0.35555555555555557,0.9908205619412517,0.9848381034600863,0.9555555555555556,0.9499521072796935,0.07669841594688222,0.05076550156129713,0.040206051646732584,0.15975790498683576,-0.12018911929277236,1.8517770865930534,0.37753176006804784,0.8933669114657957,0.00966561363833173,0.1987279387279387,0.22913580246913579,0.00013257426720376247
311,12,0.8038585209003215,0.9705573770491804,0.9934067613639737,0.9196141479099679,0.9376065573770491,0.08439028917592145,0.08439028917592137,0.06514844942498668,0.22801859299163,1.5109131873454438,1.3477168260985437,0.7194682317244001,0.9032985909528125,0.01368726520953816,0.10664952460786811,0.15766999927626887,0.00044070954704776566
399,12,0.6090225563909775,0.9515933312229609,0.9743936857558199,0.8872180451127819,0.9005223171889838,0.06790222861070425,0.06288371422809384,0.08666404399321102,0.28509844706194687,0.8565378950189212,1.0316493919266794,0.5472444407209958,0.9064278298291711,0.010295194420239058,0.16121978114953972,0.23811408219797614,-0.0005254514754644418
375,11,0.6266666666666667,0.9947720364741641,0.9969741457125256,0.9626666666666667,0.9644376899696049,0.05693232963138276,0.043884817168613074,0.0313813705940023,0.12064697013729955,0.45516402132454525,1.77263501463773,0.6174959127395526,0.9235874467222037,0.006932579611422448,0.21016129426129426,0.23395555555555556,0.0006545296883185697
407,11,0.5208845208845209,0.9774794388001936,0.9814559629319807,0.9017199017199017,0.9048379293662312,0.072420927019119,0.08116185237638676,0.07074394810150302,0.2323094169497078,1.4639645157733179,1.6003787807412793,0.4575412337620553,0.8913847049452106,0.018598837503864925,0.1959153015399674,0.249563836787424,-0.0015034246498185216
289,10,0.6851211072664359,0.9996114996114996,0.9998199997808077,0.9930795847750865,0.989010989010989,0.06348905322706147,0.05442629279172394,0.012725001570318552,0.07818344454919035,-3.1210904405681577,4.304960462970263,0.700994630700754,0.9330815222315506,0.00930662896813242,0.212517125718596,0.2157301756444487,0.00020532267633341025
429,13,0.7599067599067599,0.966674608374531,0.9899570434481818,0.8834498834498834,0.9100303770325808,0.10349987200258562,0.1034998720025856,0.08575198059798056,0.27290264151682153,1.6699474753264738,1.2898098139578111,0.6564068879041742,0.8925545993003813,0.025414206736710555,0.12251824384537258,0.18244847615476983,0.0004075415518727532
389,11,0.4832904884318766,0.9928019477082671,0.9927457279470396,0.9588688946015425,0.9584788821848206,0.07230917909605371,0.050726317991755907,0.03777740086394436,0.15327262287563706,0.1368835327423135,1.9165066590394966,0.4889999597955484,0.8966483049498258,0.008046103902468345,0.22034324969315888,0.24972079222315474,0.00035375443148015495
462,11,0.5021645021645021,0.955847076461769,0.9597811865293601,0.8744588744588745,0.8747751124437781,0.07193538142369778,0.07788017540525527,0.091768101021589,0.2946013458763555,0.8371714762135359,1.3485384977310657,0.44221030389330807,0.8574881204777124,0.01520055846141854,0.1725427541928688,0.24999531493037985,-0.0008850181773406018
358,10,0.7569832402234636,0.9745938838698732,0.9928620319508195,0.9413407821229051,0.9300377486533487,0.07437004730425244,0.06092747753080955,0.05111551542803889,0.18831332561393088,0.3632402443198545,1.2015674184967677,0.7310187626841578,0.9113046399403715,0.013743953209388177,0.14731982028116195,0.1839596142442496,0.0007317682555630714
425,10,0.68,0.9779666191736209,0.9903972629000963,0.9058823529411765,0.9230103806228374,0.08479486908776787,0.08788278345874301,0.06879037350592834,0.22936918864158073,1.5452226797801327,1.5758020049813455,0.6016768536346,0.889616500964937,0.019011808270996605,0.16642321238345018,0.2176,-0.001398222381618075
353,11,0.7677053824362606,0.9838448384483846,0.9956934293378197,0.9348441926345609,0.9575645756457565,0.0770919988894688,0.07709199888946884,0.05388112585376993,0.19204778689091923,2.2157216985414165,1.7201399793095755,0.6906133835467918,0.9183980474476582,0.01648891050372414,0.14180960964483694,0.17833382821465543,0.0008679967802272953
296,11,0.7195945945945946,0.9364783075965835,0.9774878971625924,0.8175675675675675,0.8658860795293852,0.15338294585488066,0.15083731451869856,0.13284924916014257,0.41123046412646697,1.8479089665252422,1.0876559260118523,0.5687572800758961,0.8887895535202454,0.0472039416941986,0.11508290762474437,0.20177821402483564,-0.0010499989341473115
449,10,0.5389755011135857,0.9778616201541103,0.9837156436995604,0.910913140311804,0.9159579989619515,0.06784853968421038,0.06791825647791079,0.06559576744063075,0.2189692780239711,1.295567997719627,1.619470752567921,0.48795422564995866,0.8939614818906244,0.013719278346112576,0.19634500918189116,0.2484809103129449,-0.00025941203653556677
375,10,0.48,0.9805128205128205,0.9848936616828652,0.944,0.9433760683760684,0.05866257130436659,0.04750538509550607,0.04622455283453435,0.17488647296492088,-0.17116765723663885,1.5277392253704831,0.5047979999062704,0.8958921473087661,0.006461481743434228,0.20855254664281636,0.2496,-0.001284382266083496
387,12,0.6408268733850129,0.9781271756788118,0.9902247249736225,0.9457364341085271,0.945013344163379,0.052590364154494126,0.0577923768064086,0.04655575562218078,0.16975590514635175,-0.020370101408210155,1.2030090152099402,0.642201603310793,0.9220148826010605,0.009865412124912135,0.19396362969253772,0.23016779173260155,0.00048618145720483175
306,9,0.6274509803921569,0.9845577485380117,0.9906712081511039,0.9215686274509803,0.9303728070175439,0.1047846748042961,0.09959027264882912,0.06262979809277845,0.22208366497812668,1.3345507058879391,1.8881739335891785,0.5606809222000598,0.8705071663092452,0.019676352983365827,0.19023324917211884,0.23375624759707805,-0.0005695533155465754
406,11,0.7832512315270936,0.9433247570040023,0.984332954451328,0.8201970443349754,0.8687821612349915,0.17227796651388083,0.17227796651388078,0.13158177929987377,0.40405047498937946,2.0539798124603434,1.1601722713844345,0.6109732650132128,0.8634423472536833,0.05650600909302971,0.09543291773457223,0.1697687398383848,0.0007399481030314903
448,11,0.6160714285714286,0.9650320188742838,0.9810897141988001,0.9017857142857143,0.9115267947421638,0.054125123824745144,0.054125123824745165,0.07495645351608068,0.24977283003950865,0.8513525733711366,1.221382068796145,0.5619463047466834,0.8929760264809465,0.007279332615604714,0.1682424616682237,0.23652742346938774,-0.0006078409006880503
341,10,0.7859237536656891,0.904109589041096,0.972916623054984,0.7390029325513197,0.8140206501737886,0.24126647268246484,0.24126647268246476,0.19328197613308779,0.5862763240831553,2.1945256726258497,0.9312435784032476,0.5446572809832244,0.8517907586023172,0.10121304714353253,0.0772331506149295,0.16824760708972233,0.0010544725147624279
356,13,0.7134831460674157,0.9134244248880654,0.9688950534665054,0.8398876404494382,0.8643276208121043,0.11353216402428112,0.10905417735626353,0.12512726941256438,0.39961311440219394,1.0401849088969146,0.8513294888712662,0.6044289687111523,0.8794910847952422,0.025733688404893686,0.10673292544363494,0.20442494634515845,0.001701560106147193
405,11,0.6148148148148148,0.9551282051282052,0.9747214807166948,0.8641975308641975,0.882375656472042,0.09442834753857104,0.09528454859060827,0.09873231625805574,0.31340221418348246,1.2988199370915339,1.2134978613201266,0.5203864672762437,0.8803101082286329,0.019298337488235465,0.15658009555551095,0.23681755829903978,-0.0008034839737085381
361,11,0.7700831024930748,0.8951200485394817,0.9679618602200171,0.7700831024930748,0.8169151425847274,0.18821554410015992,0.18821554410015995,0.16097732413449417,0.48645330548508026,1.5996664682490969,0.9289741097650459,0.5818675583929149,0.8291829568400085,0.05527865936661085,0.06960125934185242,0.17705511774771526,-0.0017551936379795186
404,10,0.7797029702970297,0.9833065810593901,0.995785222837449,0.9529702970297029,0.94565721419654,0.049368749064166904,0.03702249726216331,0.03877450051440919,0.14187637206103182,0.4362716114986547,1.1457288147862776,0.7599079696605985,0.9398334848845421,0.008302100121123045,0.14118617069481418,0.1717662484070189,-0.00010767731891856563
346,9,0.4797687861271676,0.8031793842034806,0.831681367106971,0.7427745664739884,0.7352074966532798,0.13986583726594193,0.1387939334037933,0.19353707032192716,0.5968919728989797,0.545716454346539,0.6857983896982597,0.3571555257920149,0.8315284602078798,0.029862989547920438,0.08592058741255043,0.24959069798523173,3.970201325420586e-06
295,12,0.7966101694915254,0.9298581560283689,0.9837422611681276,0.823728813559322,0.8893617021276596,0.17168974966053652,0.1686241362523241,0.134452952779564,0.427130575624389,2.204294281260346,1.0922385916987873,0.6279860332392013,0.8996853555380626,0.06614426653512348,0.09526186845807642,0.16202240735420856,0.0015481473483084096
359,13,0.479108635097493,0.9599241387887079,0.963459607015687,0.8969359331476323,0.895706379803507,0.056971528040153104,0.04524896628225768,0.07809259536335264,0.2594283665582155,0.11141428144544537,1.3379141463359854,0.4781054813583072,0.8621985532939738,0.006354201433889947,0.17656726804995565,0.2495635508725103,-0.001257888893091974
388,10,0.6597938144329897,0.9822443181818181,0.9923996424315554,0.9458762886597938,0.9443063446969697,0.05072861920369717,0.040948177474494286,0.04492582426683503,0.16776153721337325,0.04879413201795231,1.5561479025728804,0.6594237353815534,0.9007472606311189,0.005651411428293449,0.18511195775845057,0.22446593686895525,-7.956627196309407e-05
323,10,0.5201238390092879,0.9932027649769584,0.994024967712315,0.9566563467492261,0.9573348694316437,0.061519640219535036,0.050507152098335596,0.036544063874931865,0.1384582085725241,0.3760301865599605,1.7772518798191637,0.5198759672084026,0.9129707249215679,0.006944679661182636,0.2206624054216766,0.24959503110352826,0.0006667585318975433
443,10,0.6681715575620768,0.9461987497701783,0.9752117864191806,0.8216704288939052,0.85970536863394,0.1507618310190336,0.15076183101903348,0.1310209819727047,0.40663537152558843,1.938075356083062,1.1542627789414577,0.5174097265430433,0.8840918373789718,0.048119151230673514,0.13888058555667152,0.2217183272271451,6.408907155761034e-05
453,10,0.5761589403973509,0.9656170178799489,0.9782256380672121,0.9050772626931567,0.9107399425287357,0.06037840431593461,0.047082099081042786,0.07421492655989886,0.24630084764225635,0.6110400626546303,1.2473320653543554,0.5383514285514106,0.8876127009496192,0.009415210930048223,0.18003255655150835,0.24419981579755276,0.0006324563838062403
460,9,0.8434782608695652,0.9591208476517754,0.9921763072282757,0.8956521739130435,0.8928980526918671,0.12061803202576266,0.11361045211993573,0.07880432420101895,0.2572664870335152,1.5174353828589653,1.403830058341193,0.7298678087496295,0.8632726091204299,0.03537630634185254,0.08984198792642396,0.1320226843100189,0.0012473214755714668
393,11,0.7888040712468194,0.9399144966964633,0.9844034254476515,0.8625954198473282,0.8776136805285659,0.10517249526533315,0.10517249526533323,0.10009900546690444,0.3149508041777009,1.25110156946602,1.0528243058398123,0.6836315759814863,0.8752271060368604,0.022555227241050742,0.0884553267072777,0.16659220843126207,-0.0005931034981306871
359,13,0.6100278551532033,0.954859752120026,0.9739188223949213,0.8523676880222841,0.8738421395955642,0.11154319497373115,0.11427843225467171,0.10696048737310863,0.3344840112380953,1.579335532957352,1.2740576370806627,0.4984846601794721,0.878310212625435,0.027238174252862186,0.1580381231697517,0.2378938710903857,-0.0001334348003875635
325,9,0.8430769230769231,0.9010304851867754,0.9815134011527209,0.7876923076923077,0.8421711750393588,0.17974336527872115,0.1797433652787211,0.15515690892966416,0.47411879540030955,1.8489859075967854,0.7588374300287286,0.6633335577982019,0.8854942274984205,0.07225253858354497,0.049630281684127836,0.13229822485207102,0.000236427178176013
292,10,0.363013698630137,0.9463887198214648,0.9339216976492208,0.8904109589041096,0.8612294583079733,0.05373435298201434,0.08066873265791454,0.08118392474440693,0.26908271394689226,0.5215199207284588,1.3454475996376756,0.345813462034434,0.8714788037755634,0.009039589020688308,0.15767867819019674,0.23123475323700507,-0.001411739323089703
372,12,0.739247311827957,0.9756701030927835,0.9919762394275926,0.9220430107526881,0.9272539831302717,0.0660115657223511,0.06490306823949236,0.05995421606618695,0.2074897235521082,0.9232273943945227,1.500334339891112,0.6848545486873926,0.8885836131672554,0.009352524087882489,0.1418038344066934,0.1927607237830963,-0.00035519739809844464
400,12,0.5575,0.9842669301512502,0.9893645080203208,0.9425,0.9426034303665982,0.04560028527618447,0.041745018305811565,0.04674422078361014,0.1717637863257089,-0.018972322273572508,1.5106963984804087,0.5591245575968148,0.8994735721202922,0.004836623791781716,0.20427464595589595,0.24669375,-0.0005115070522756088
327,9,0.3577981651376147,0.9612942612942614,0.9588979997343332,0.9296636085626911,0.9206349206349206,0.07215266072406375,0.06062499045691358,0.0585072513850836,0.20873847013003097,-0.42846580805286816,1.121073047030555,0.3886603777313816,0.9054661390547418,0.013763829501763409,0.1847118111486791,0.22977863816177088,-0.0003234051297715951
346,10,0.6242774566473989,0.9751068376068376,0.9845545932633794,0.8959537572254336,0.9074786324786326,0.10237702865979886,0.09999401686228697,0.07712963866289745,0.2504489201405031,1.284870626016171,1.7050688278863615,0.5548172465880131,0.868968787677237,0.02414935355717789,0.18045293215448605,0.2345551137692539,-0.0011218965090483007
397,10,0.5516372795969773,0.9650094915602072,0.9767708706446458,0.9118387909319899,0.9137807193063465,0.06363010625248151,0.0689284209047466,0.07047846006762679,0.23934363767461275,0.2692368433240841,1.1842053634177518,0.5342487955290857,0.8892998235545702,0.008585826087357576,0.18562206777541607,0.24733359135582358,0.00018111039986168365
344,10,0.8197674418604651,0.914779226721574,0.9808595596180684,0.7790697674418605,0.8400823610157858,0.20616341014768036,0.20616341014768033,0.15808092689169465,0.4796251133393074,2.071923944637031,1.004913458349447,0.6136040317127849,0.8506300293612763,0.07593100166486007,0.06498264745290164,0.14774878312601405,-0.0006162104462778262
351,11,0.7635327635327636,0.9576065455853262,0.987206909271674,0.8262108262108262,0.877877180363244,0.17112094759552568,0.1711209475955257,0.12392590170712875,0.3816027620353681,2.4039732680303016,1.422638386653802,0.5924118159372379,0.8624485567535966,0.05586901926034878,0.11163772999232613,0.18055048254478454,-0.0008558701056784468
411,11,0.7664233576642335,0.9731150793650795,0.9922747017632737,0.902676399026764,0.9220238095238096,0.08102668954202993,0.07841746174188392,0.06974627001473813,0.22628306788995553,1.453026143876038,1.4375373677927539,0.6880058959223496,0.8958897225236515,0.01810377304180016,0.127021177519261,0.1790185944909159,-0.0003549199987169238
370,10,0.6918918918918919,0.9504865679824561,0.9794198430266732,0.8756756756756757,0.885827850877193,0.0828074889565328,0.07865809108136376,0.09125886637830895,0.2983875976865798,0.9108532134633344,1.2793237067153032,0.6132338008105281,0.8545981075950408,0.012592585362961352,0.132614250171174,0.21317750182615047,-0.0018969706396288616
367,13,0.5776566757493188,0.9036518563603165,0.9377410416427795,0.8038147138964578,0.8215155203895312,0.1172536379072995,0.11329558304263487,0.1432516409077859,0.43969120082241003,0.9426677637436435,0.9179514325987367,0.46436109270668396,0.8560515278276665,0.02452435667159531,0.12476992480771008,0.24396944071156518,-0.0004722316676645244
399,9,0.8446115288220551,0.9524265339331865,0.9909716837044288,0.849624060150376,0.8846558820714081,0.1621246955792973,0.16212469557929732,0.10696877982500429,0.3356751544353013,2.142333758639448,1.4722510218811498,0.6824868332427578,0.8479837276034276,0.05029697507744166,0.07336567223901659,0.13124289420292584,-0.0012054172163466215
288,10,0.8229166666666666,0.8552163481426326,0.966146452689483,0.6805555555555556,0.7751303052866716,0.2880314606678559,0.28803146066785595,0.22871732430580602,0.6830293112837275,2.143409413703026,0.7881007787970264,0.5348852059988106,0.8212437027209061,0.12453598939128095,0.0420317773378677,0.14572482638888892,0.000488285863503829
370,11,0.8216216216216217,0.9992523923444976,0.9998346095393077,0.9891891891891892,0.9696969696969697,0.05942197187112114,0.04846385148605246,0.013643274002575988,0.07461028156922515,-4.1382091479233525,5.031931698872815,0.8148220934410656,0.9394109165689392,0.01060222821192369,0.14394691989286584,0.14655953250547843,0.00042843317803971034
336,12,0.6488095238095238,0.9522236044161094,0.9775919161084724,0.8720238095238095,0.8936013061732234,0.08444514890533725,0.08444139082947011,0.09393680768498672,0.30055692576548154,1.1930538264388724,1.1436545598232828,0.5643681329800536,0.8927252023392579,0.016195986339834618,0.1496177764034907,0.22785572562358275,-0.0004971278749399677
357,11,0.7843137254901961,0.9796846011131726,0.9946767661852084,0.9243697478991597,0.9329545454545454,0.05990001375560884,0.055985968736317525,0.05494201285493413,0.1833933451900619,1.225091430692884,1.4992199509094277,0.7283277567538785,0.9091679361582632,0.011322202678843893,0.12414813816197898,0.16916570549788543,-0.0013977571598162083
413,9,0.48668280871670705,0.9834553646860039,0.9847306094121107,0.9322033898305084,0.9326715479207734,0.09210423703747163,0.07133081557396279,0.05704967310963364,0.20501837062901507,-0.655219898968779,1.7954620037752802,0.5184375243898971,0.8710586773155453,0.017303746587481208,0.2105342596513981,0.2498226524163242,0.00045753375722632633
420,12,0.5380952380952381,0.9691862056381717,0.9790190480496817,0.919047619047619,0.9218593194051639,0.033846596881840246,0.02788523950392646,0.06328941048108026,0.21846928084151995,0.4832997533454619,1.1781444780558752,0.5126315980144004,0.906381385720759,0.0031676716296896923,0.18751831968218524,0.24854875283446712,-0.0009086943008913134
384,12,0.5703125,0.9358793413587935,0.9552082011189852,0.8333333333333334,0.847903694479037,0.115091345660782,0.11733286249472076,0.12214382090285802,0.382361578034494,1.2681018911943658,1.2769847719670626,0.455221154339218,0.8431879120521528,0.026431786897818887,0.14880253654258233,0.24505615234375,-0.0005415817961285374
372,9,0.5967741935483871,0.9822822822822823,0.9908793747769591,0.9596774193548387,0.9640540540540541,0.04478941761685817,0.03446087498322629,0.037025205930273815,0.14620196688457882,0.6210654951209186,1.3651327421055477,0.5806060233410659,0.9334658247121951,0.004695765406227643,0.20880450014490076,0.24063475546305932,0.0004991852058876048
397,10,0.44080604534005036,0.977065637065637,0.9785489540222327,0.9269521410579346,0.9268211068211067,0.06834462002945992,0.05747303297248356,0.05684604619931032,0.19462139189878103,-0.7176307864244921,1.2999916885318825,0.4909440290745722,0.8914496354466995,0.012932217809157017,0.20170718770074902,0.2464960757317158,-0.0008750596408134761
354,11,0.6638418079096046,0.9516896120150188,0.9763726044415202,0.844632768361582,0.8705345968174504,0.11176394192517039,0.11734732489908267,0.10801276889939661,0.33167606620681134,1.4294263439878057,1.2674148971112296,0.5520778659844341,0.8628385930917988,0.028273075553844357,0.14189174907717111,0.22315586198091225,-0.001524419558188883
354,10,0.615819209039548,0.9463707501349163,0.97341774512171,0.8983050847457628,0.9036022665947113,0.08239652480733752,0.051088486665109026,0.08365533409500722,0.2863280240156277,0.44697806410577773,0.9963738898507362,0.5791472892985865,0.8941549707545253,0.015032001682231398,0.16792461827232463,0.23658591081745348,-3.796013235302098e-05
365,12,0.536986301369863,0.9460210119550778,0.9621498212178587,0.8794520547945206,0.884494626252868,0.05780091550951136,0.05984024082606635,0.09269439112336647,0.30359246370480464,0.7038869359369131,1.1798610041480568,0.4833867198527136,0.8719867174406764,0.006798263726252725,0.1631453478684069,0.24863201351097766,0.0004094617545429835
274,11,0.5875912408759124,0.9595998460946518,0.9790808597733461,0.9233576642335767,0.9242290991040509,0.0646601684990313,0.0656789492713774,0.06358015703857263,0.22237163038816946,-0.16438533788393486,1.081276933597996,0.600020788976857,0.9059782461936685,0.01278404914699924,0.19165855733800216,0.2423277745218179,0.00012689070775766254
374,11,0.31016042780748665,0.9367147821438118,0.913470031377256,0.9010695187165776,0.8737302860197809,0.052344662686399784,0.041368619981859374,0.080316419618866,0.2712141665906892,-0.2723451151910048,1.110691209139264,0.3401792933431636,0.8715883503672869,0.008013792966848305,0.14232499911762259,0.2139609368297635,0.0006666889398767722
361,12,0.8310249307479224,0.9641530054644809,0.9931669310449878,0.8947368421052632,0.9236065573770491,0.09998068532026752,0.09998068532026749,0.0778984858168382,0.25334975703274226,1.7537812621368252,1.2642418716175234,0.731044245427655,0.905455242274151,0.023279662367768888,0.08546984010773198,0.1404224952233332,-0.00033383166653190577
360,11,0.9138888888888889,0.9627414452397294,0.9964677832611561,0.8944444444444445,0.913030689283263,0.1343581471113939,0.1343581471113938,0.08033968839607335,0.26774736680259037,2.365112956614522,1.152149769461561,0.779530741777495,0.892776496209552,0.04043282033097993,0.03898993239271017,0.07869598765432101,0.0002008128034825668
441,11,0.7324263038548753,0.9795350789736056,0.9933418608107935,0.9387755102040817,0.9474471322873484,0.056873323885566804,0.05682931746240601,0.05216457254819408,0.19251547734219965,1.0544932350687506,1.403758878411085,0.6771608748773771,0.9062922933666437,0.006621009268202156,0.1513791077352064,0.1959780132763612,0.0009446577388371319
405,12,0.5802469135802469,0.9904630788485608,0.993637616533092,0.9506172839506173,0.9493116395494368,0.06165601626600626,0.044071535124497796,0.040523592532561235,0.1484053941174247,-0.31288286085897754,1.6423271294984116,0.5978702294156703,0.9076484113069778,0.008360136190380904,0.2115580925544105,0.2435604328608444,0.00016111603574644334
376,13,0.726063829787234,0.9820406131085743,0.9941890577416747,0.9547872340425532,0.9567730004623208,0.050656816948729526,0.035653854776582,0.04044689836695189,0.1545677291517476,0.5898774045651946,1.2565751482299028,0.6992505106609193,0.9294644402453253,0.0072166630420970245,0.16639431094808438,0.19889514486192847,0.0007294014110107647
428,9,0.927570093457944,0.9598602421386203,0.9968105721782783,0.8878504672897196,0.90980742666775,0.14383817404679045,0.14383817404679033,0.08371116716479246,0.27490882057807037,2.478712128462958,1.1909716666594101,0.7837319194111536,0.8869049112161728,0.044564119789925874,0.028109226714639297,0.06718381518036508,7.245890914080177e-05
334,12,0.6616766467065869,0.9997997837664678,0.9998972521899587,0.9940119760479041,0.9911504424778761,0.05924657471962118,0.042293419692408206,0.010989082379695163,0.07197141032032163,-3.5074084701106285,4.4492085621069215,0.6724429099916791,0.937786048955645,0.007970555395874265,0.22102422951135237,0.2238606619097135,0.00018209458545977338
359,10,0.7743732590529248,0.9717115196731503,0.992501174692882,0.9164345403899722,0.928546052047251,0.0694175998352544,0.06982567246668321,0.0606729586666525,0.20420384826323437,1.1025009940012875,1.3467209742524682,0.7151816983095697,0.9037297139324032,0.012652289508812316,0.1260629525926718,0.17471931471667665,-0.0006356929661646485
413,9,0.7433414043583535,0.9569172146764182,0.9862962707468576,0.8716707021791767,0.9013275152111118,0.10711397834024011,0.10711397834024006,0.09812120080764612,0.31404898951322835,1.6233061703065914,1.0334543941530712,0.6362274260181134,0.9154176775345041,0.03576558314413976,0.12830155885729919,0.1907849609249043,-0.00012778440409874636
370,10,0.7054054054054054,0.9392245773137896,0.9758201117024328,0.845945945945946,0.8694330204928117,0.10250618236885081,0.10224296894594616,0.11095436575156715,0.3404781319564626,1.1554563278894676,0.9964518810085068,0.6031624364594592,0.8763128851064709,0.023833099884218476,0.12055741729166108,0.20780861943024104,-0.00012993627123127072
462,12,0.7445887445887446,0.9768427276310603,0.9925636541464905,0.9285714285714286,0.9241968860859282,0.052286134300963516,0.043957840246590454,0.05487825247599264,0.18986477066855673,0.553003097882457,1.4137368946881363,0.7092168540044567,0.8962678592319102,0.005979358832836963,0.14104911401149645,0.19017634602050187,-0.00022833836584974787
387,12,0.6382428940568475,0.878716020821284,0.9340621239064755,0.7545219638242894,0.7922209369577791,0.17677004823840234,0.1767700482384023,0.17924853650824113,0.5446992958798565,1.2869475323512578,0.8825120636732102,0.4614728458184452,0.8331967128086849,0.047893580920803897,0.09937989015237977,0.23088890224278724,-0.00015405650297023454
393,10,0.7888040712468194,0.9189273221919938,0.9773159790921363,0.8040712468193384,0.8405169063350175,0.16900061622899043,0.1690006162289904,0.13571632232967792,0.40877159192559853,1.667132858516653,1.1553062713563582,0.6198034550178289,0.8296119573588737,0.051069756049527286,0.08051157233092641,0.16659220843126207,-0.0014340698201850133
392,12,0.7321428571428571,0.9841712294673968,0.9943813079553833,0.9030612244897959,0.9277584204413473,0.09494705603344333,0.1000423822258744,0.06879752021581394,0.22290808850282143,2.196566772291296,1.6569674741408098,0.6371958011094139,0.8998336380726534,0.027618018446816224,0.15396274218978298,0.19610969387755103,-0.0009674499187703328
415,14,0.5879518072289157,0.9637378966542038,0.9786053062523229,0.8987951807228916,0.9086856485475985,0.058253011564152586,0.061171807821553896,0.0774824094246784,0.25823419790065893,0.9572242803295076,1.2710842733810168,0.5296987956647631,0.8911122009957392,0.007999344144285329,0.17258405669075616,0.24226447960516764,-0.00019735763401840245
304,11,0.8486842105263158,0.9807886754297269,0.9966042188625689,0.9177631578947368,0.9336872261543647,0.08920590997232546,0.08920590997232561,0.05932132959515233,0.19753345640071038,1.9296359814708022,1.5590122327969356,0.7594783005539903,0.9043838717932204,0.021478214849118618,0.08970323629798177,0.12841932132963987,-0.0008729702856243929
258,6,0.43023255813953487,0.9982839982839983,0.9976461276359556,0.9689922480620154,0.9727891156462585,0.11452882931939443,0.09633246423222062,0.035352368841693,0.1560100205343482,-4.269740055986186,4.442104879613505,0.4986377933834724,0.882123641400158,0.027608616340280202,0.23795478370023165,0.24513250405624662,0.0005660321453978406
413,12,0.6634382566585957,0.9293966286824554,0.9652011562288618,0.8135593220338984,0.8453106128236098,0.14389939123265652,0.14389939123265655,0.1341946743634627,0.4108735583480116,1.4478266001891906,1.1820640466072252,0.5195388654259391,0.8396729254480362,0.0380623226620023,0.1273995052820676,0.223287936260399,0.00024392072312898194
408,12,0.5318627450980392,0.9553646826067026,0.9701296980909251,0.9019607843137255,0.9034429512389317,0.045766700589518074,0.03520382180919167,0.075454209792459,0.24946920540137502,-0.023016697960873085,1.046180583612034,0.5347967411324315,0.8933903744925592,0.006116148864150864,0.1789517201420598,0.24898476547481738,-0.0006949844044494419
455,10,0.6483516483516484,0.9902754237288136,0.995075218244541,0.9516483516483516,0.9455508474576271,0.06529825474797134,0.044088036640800424,0.04022989651176964,0.14617389248450668,-0.3240190868903388,1.6973555430293905,0.6570078727382332,0.908642011945,0.010381584598005762,0.19885092929048973,0.22799178843134887,0.0007074527729047375
302,11,0.8807947019867549,0.9132205513784462,0.9879756119361759,0.8245033112582781,0.8523391812865497,0.1643880272020458,0.16438802720204584,0.1297088621202233,0.4014333591735423,1.9449565638005857,0.791849927093247,0.7164066747847092,0.8813114755738972,0.060880525110222704,0.03696640406214548,0.10499539493881851,0.0007993461333275775
398,13,0.7035175879396985,0.9823244552058112,0.9937892388088994,0.957286432160804,0.9598365617433414,0.0417244440113725,0.025631395982652867,0.037866547838905765,0.14536699736091616,0.38674729838103067,1.2620603677582571,0.6884444264392021,0.9338147446722647,0.005363329399504179,0.17668953941095858,0.20858059139920707,0.0006121664511530983
369,12,0.6422764227642277,0.9474491752972766,0.974917542909393,0.8807588075880759,0.8937476026083622,0.060493441098988014,0.06658924316881198,0.09015882657282508,0.2909098858187487,0.7170066423412905,1.107584924571534,0.5859387727416951,0.8818481310750821,0.007135594763986969,0.14708376977859428,0.22975741952541476,0.0003495820620176143
336,11,0.6458333333333334,0.8941253920923208,0.9487067229501025,0.7886904761904762,0.8250203307129302,0.1556106522260393,0.1528011366731179,0.16099141800720615,0.5045024197539186,1.268096577350371,0.8325218811558676,0.49303219666021547,0.8786243918916347,0.05140321075536211,0.11953882771817553,0.22873263888888887,0.00039439608113070457
374,10,0.8743315508021391,0.900514021732058,0.9848536710758246,0.7700534759358288,0.8320645455136964,0.2300699882221569,0.23006998822215696,0.16765708174724095,0.5095761426285079,2.3098073032549564,0.8896461677206918,0.6442615625799821,0.849985878756962,0.09797510463679032,0.04039257283310689,0.10987589007406556,0.0001986598694919406
455,10,0.5714285714285714,0.9135108481262328,0.942523579870892,0.832967032967033,0.841025641025641,0.07925232973468177,0.07526263876143467,0.12332036129591911,0.38084348694006576,0.548875445241406,1.027239323819076,0.5089502743306953,0.8363108911869473,0.016934366134279483,0.1392852326703227,0.24489795918367346,0.0007732686482888607
276,10,0.7028985507246377,0.9654890621071159,0.9879865595918664,0.9311594202898551,0.9299094795071663,0.06072217090749667,0.03910332152373925,0.05825444908938629,0.20857049202626515,0.2633562033793368,1.1257822908982869,0.6863682258506603,0.9118586625243236,0.009136087211207875,0.1600819951245282,0.20883217811384164,0.0003681788888649784
362,10,0.5414364640883977,0.8963302188345219,0.9250267352029286,0.8011049723756906,0.8117162527661668,0.11923226045472955,0.113383567887315,0.14521279050307956,0.4472695760026251,0.8695246390121337,0.9290035344307949,0.43282438548967717,0.8525576445395671,0.022715678309934074,0.12431406412580841,0.24828301944385092,-0.0014718431248970376
326,9,0.7975460122699386,0.990034965034965,0.9974793947066148,0.9570552147239264,0.9504662004662006,0.0753742130284629,0.0601629448821935,0.037811089323032405,0.14948313643020963,0.831517084268,1.7828786380046426,0.7471535642933436,0.9022939502416776,0.009891412829540827,0.13436538703955617,0.16146637058225755,0.0008186929507901994
301,10,0.48172757475083056,0.9049513704686118,0.9261571951338492,0.8504983388704319,0.8462864721485411,0.09301439264504982,0.07715224181534991,0.11844046756531561,0.38129106158237186,0.44875534912597936,0.8049243819827585,0.42032359135613523,0.9031713361549724,0.019993261803524853,0.1518624000966352,0.24966611847551354,0.000643487382912436
334,9,0.8622754491017964,0.9860356280193238,0.9979340357180637,0.9550898203592815,0.955691425120773,0.049976264265122354,0.039795323723392756,0.033584485809359695,0.1241016351028324,1.1628391168109138,1.536027536962423,0.8224801253784038,0.9344463758730456,0.007980042610790085,0.09230431107774748,0.1187564989780917,-0.0008477447017746151
380,12,0.5473684210526316,0.9564233005366726,0.9711297383686347,0.9026315789473685,0.9040138640429338,0.06372902780136293,0.06628063504630348,0.07802332739734928,0.2651037510957231,0.16170525417785853,1.1906715527957459,0.5358269942058664,0.8748150537378927,0.00862853000396104,0.17826767466213148,0.2477562326869806,-9.376063146089575e-05
365,10,0.7753424657534247,0.9042919934499699,0.9738171031734544,0.8136986301369863,0.8538739981039387,0.15679805422791293,0.156798054227913,0.1446039181728981,0.4578846739889825,1.4957428270474131,0.8127424730080107,0.6185444115255118,0.8804548356993886,0.05375874271504188,0.08507635561449736,0.17418652655282416,0.0017350045195294317
329,12,0.5957446808510638,0.9617155132729782,0.9775094742619614,0.8875379939209727,0.9007787325456498,0.08909179002439432,0.08766613538401119,0.0881362693932596,0.2916441380878203,1.2639326766775432,1.3980753822935594,0.5130280532839688,0.8741176298137697,0.01628210426023215,0.1702085725356986,0.24083295608872793,0.0012297815799981043
331,11,0.7945619335347432,0.9522478192798031,0.9886625389718442,0.8972809667673716,0.8917468127935585,0.06146562041180205,0.04812744570480071,0.07569098795769856,0.24232377661394233,0.7276132670607323,0.909417093266158,0.7464344878299425,0.9133356710778353,0.009501999121411748,0.09593349759558538,0.1632332673122735,-0.001110780880401313
387,11,0.5943152454780362,0.9705067848241485,0.9807210058114937,0.8940568475452196,0.902783162558848,0.07015931168683337,0.06902280996918814,0.07682919210847343,0.24642869961367123,0.9682920948488339,1.4044663081278144,0.5363070158512557,0.8794072949962132,0.015825871146428225,0.17925882271010535,0.24110463447041777,-0.0008424907982672175
323,10,0.47987616099071206,0.9397849462365591,0.9545184771937689,0.8947368421052632,0.8923195084485407,0.06992206712410463,0.06251472390369352,0.08332951329311007,0.27806804155998555,0.16501216938729166,0.9122121782561213,0.4621342740318605,0.9114196569690228,0.016137783553905372,0.18206837131680656,0.24959503110352826,-0.00033493004751701527
297,10,0.67003367003367,0.8935493795508154,0.9530646921470401,0.797979797979798,0.8285304071377295,0.13522916617356515,0.12254613494599588,0.14731759654522505,0.4541618311104373,0.9861077104233744,0.8083304346193609,0.547487535087674,0.8650243776095277,0.034243496348720266,0.10686532080294264,0.22108855105488104,-0.0011491300554336004
374,10,0.6951871657754011,0.9815452091767881,0.9933213514217651,0.9545454545454546,0.9574561403508772,0.038557912025924596,0.030151540560934366,0.03812973054942025,0.14372064544276827,0.34428539143972525,1.2055105792370306,0.6830427592164168,0.9393043099523317,0.004158916197952657,0.17777755500020032,0.2119019703165661,-0.0001536009648981998
330,10,0.8606060606060606,0.9694580526638089,0.9952979026941564,0.9151515151515152,0.9324862216778935,0.08565031073786508,0.08565031073786493,0.06481793725606395,0.21742228847796322,1.7129061128650906,1.1285331421716902,0.7749557498681956,0.9218522705698777,0.021982633975618365,0.07708152958152958,0.11996326905417815,-4.643619220297268e-05
381,10,0.6561679790026247,0.9315725190839695,0.9686143555943065,0.8503937007874016,0.8714656488549619,0.09727298300414552,0.09108969855940365,0.11137338919207063,0.3536062021942848,0.9756830880129823,0.9863346592614664,0.565078280443221,0.8815168564742902,0.017375136234515542,0.1299219889188638,0.22561156233423577,-0.0016913204578168778
398,12,0.6507537688442211,0.9830004722091052,0.9911299651243327,0.9296482412060302,0.9326129829726952,0.07772433673495871,0.05179203475027042,0.05545463413381817,0.1908481581517334,0.6111079151738137,1.5783050251497437,0.6181116219845143,0.890325396286896,0.013110096155061826,0.18586133514418152,0.22727330117926314,0.0009325719436747287
382,12,0.5130890052356021,0.929860653938995,0.9410535406980773,0.8403141361256544,0.842741935483871,0.08394086460120709,0.0821993452793318,0.11359244408769313,0.353760510563276,0.751015601559931,1.1827056823130675,0.4447631823554387,0.843310955518379,0.014680744551601196,0.1489708112251134,0.24982867794194238,-0.001946167180737049
403,12,0.8188585607940446,0.9499377334993773,0.9888825839281805,0.8436724565756824,0.8832088003320879,0.15327935072501392,0.15327935072501395,0.11541823601680716,0.359722981035322,2.054591706314477,1.0844235374037856,0.6655792100690306,0.8812804433066613,0.05177922781366761,0.08535996384060648,0.14832921820835054,0.000669753835395484
474,9,0.7341772151898734,0.9277276044517423,0.973568023323969,0.7805907172995781,0.8353858784893267,0.20493726166363868,0.20493726166363874,0.15976759443159622,0.4920718367130594,2.0706705729997275,1.0960911310560653,0.5292399535262348,0.8445826958611277,0.0689084047607054,0.1038871915523391,0.19516103188591571,-0.0004146506626858115
402,13,0.664179104477612,0.96842835344708,0.9852802795006341,0.8557213930348259,0.8877236787349148,0.1413498944655872,0.14134989446558724,0.10613861162024824,0.33665711365968637,2.3355950942718957,1.674177486520145,0.5228292100120246,0.8641602154210937,0.04346551414354141,0.16006079137105778,0.22304522165292937,-0.0003113328051647657
349,11,0.9140401146131805,0.9922675026123301,0.9993127351421194,0.9627507163323782,0.9796238244514106,0.060135598385520767,0.056680544208944805,0.0284997979222828,0.10996966321101918,2.470649366750376,1.94167019852797,0.8573595704042356,0.9406643233338327,0.014790610657878228,0.06490677193838822,0.07857078349110438,4.517571168840412e-05
383,12,0.5926892950391645,0.9206766067999548,0.9498860683829357,0.7963446475195822,0.8221789223991867,0.15537466935716474,0.15537466935716474,0.14830484445583186,0.45617126312181794,1.5288295832653163,1.144288006590699,0.4373146256819998,0.8471652015424753,0.03962757299827855,0.13223125572114103,0.24140869458514272,-0.0005001674064483708
369,11,0.7750677506775068,0.9542505687084,0.9880153971445067,0.8888888888888888,0.9197699890470975,0.10169172564606464,0.09404967182276602,0.08822460097197958,0.2904426752080712,1.5332021503554283,0.9863166012794905,0.6810180788547407,0.9304754124403843,0.029569717860973718,0.1164000147671821,0.17433773253721696,0.0007171653409710071
427,10,0.34192037470725994,0.9820114074001853,0.9758969256601678,0.9461358313817331,0.9376858577487447,0.05281013625987671,0.04212555600398702,0.04385063128942188,0.16129449621353145,-0.44881325598719063,1.3995845682010164,0.37927089013571336,0.9055442583545533,0.006527333378683922,0.18719938722590523,0.2250108320673069,-0.0004881469306637007
321,11,0.7912772585669782,0.9064519920084616,0.9753040223562048,0.7975077881619937,0.8390821483135503,0.16847480512398813,0.16847480512398813,0.14744544817829414,0.4484222192663464,1.5916643146832996,0.8828691045143962,0.6228024534429901,0.859176702214497,0.0543144869934719,0.07241297042858125,0.16515755864170575,0.000386372971697746
482,10,0.6991701244813278,0.9777345748490739,0.9910647296114554,0.9273858921161826,0.9244960605750536,0.05516980147015389,0.036620154161557894,0.0563019283498876,0.19399545983753116,0.4328648672445069,1.396898800277901,0.6688350147080223,0.8931075872863822,0.007688565125087827,0.16204713063453835,0.2103312615140924,0.0003292323452457127
410,12,0.5682926829268292,0.941902475691666,0.9609844601970636,0.8560975609756097,0.8666011978371038,0.08111573224249773,0.0806788061371991,0.10571417980803688,0.33525719277051363,0.9221229351293647,1.112428253179285,0.48761387678963014,0.8664214247151331,0.013660021223561353,0.15260326799953117,0.24533610945865558,-0.0006786828746488949
341,12,0.6950146627565983,0.9317591691009413,0.9723894040251002,0.8387096774193549,0.8677783187276857,0.1289704131544584,0.12897041315445837,0.12213791174305429,0.39002086753884607,1.3510606171878052,1.0199997152024316,0.5660442496021398,0.867974883395573,0.0275861310682413,0.11737123764902802,0.21196928130993023,-4.626298608922941e-05
359,10,0.9108635097493036,0.9300458715596331,0.9929146137550027,0.8523676880222841,0.8625764525993884,0.14980049322318137,0.1498004932231813,0.10540947252272437,0.32879046390630484,2.1057158840592445,0.8999520829294748,0.7610630165261224,0.8830296446510478,0.05232694825045303,0.027095225209545708,0.08119117635648387,-0.001013426874666823
389,9,0.4910025706940874,0.9739013168332541,0.9816625798021565,0.9460154241645244,0.9457665661854143,0.05160599503659509,0.045135598907113196,0.046228065546879214,0.17447195213403624,-0.29733547348218226,1.2231361123818212,0.512390833009313,0.916818301269568,0.00776432082893506,0.2107583814263233,0.24991904626588507,-0.0006969201216176016
372,13,0.6236559139784946,0.9480295566502464,0.9723386122332808,0.8763440860215054,0.8866995073891626,0.06763708351352586,0.06113627307310642,0.09315388582620236,0.29995073090023716,0.7310563217770217,1.081443694335564,0.5625196409053882,0.8766903952422719,0.009450993499921864,0.15086969246889317,0.23470921493814315,-0.00013663014296948217
343,10,0.8454810495626822,0.9480156148340924,0.9903552145979453,0.8046647230320699,0.8690631099544568,0.19772405814287813,0.19772405814287808,0.14065428055802537,0.43580154795111353,2.685380739877675,1.1332594777864522,0.6477569914198041,0.8729419781550687,0.07698317483187776,0.0657880770893206,0.1306428443930675,-0.0011836615775993042
445,10,0.6853932584269663,0.9879625292740046,0.9943558523464212,0.9235955056179775,0.9365339578454333,0.09983570418942544,0.09300725209665592,0.05916058905453514,0.2025800385582424,1.6708225348979013,1.8415238959657072,0.6091527428903101,0.8872204457379089,0.024756279542944223,0.18218648147118996,0.2156293397298321,0.0009614512529488028
410,12,0.7121951219512195,0.9730961225911308,0.9899607281381178,0.9195121951219513,0.9182435570002322,0.04909719531611947,0.03781314582967791,0.06036175190707129,0.20328201868795356,0.4750086205076873,1.3530952913153655,0.6821573915060857,0.8929319388599481,0.0059485434070694785,0.15005015824489046,0.2049732302201071,-0.0005098634752148459
339,13,0.7551622418879056,0.9711031626506024,0.9912784892831532,0.887905604719764,0.9176393072289157,0.10459967242747009,0.10459967242747012,0.08248299572701458,0.2658166913641951,1.9433940702561168,1.3491164184485591,0.6505625694604354,0.9030764307819262,0.02783766177988653,0.1298418134148296,0.18489223031473795,-0.00040508295278031403
415,12,0.6602409638554216,0.9715017859916136,0.985228370853426,0.8819277108433735,0.9002562509706477,0.10790191095553013,0.11000883613552154,0.0862565876015722,0.27676255493023294,1.5600774505399282,1.5528938134584287,0.5588400884422438,0.8642802707759526,0.030913382541248903,0.16890157715072385,0.22432283350268545,-7.80512916382925e-05
382,10,0.806282722513089,0.9771849771849772,0.9948759214993139,0.8638743455497382,0.9155844155844156,0.1485918886223847,0.14859188862238482,0.10072989967344888,0.3226442340553172,3.629842314465585,1.6499638622804285,0.6576908338907042,0.9055548834865589,0.05522803579742502,0.11075107606106441,0.15619089388997015,6.204604711811113e-05
415,12,0.46265060240963857,0.9651532137518685,0.971127066890405,0.9228915662650602,0.9188387518684604,0.03272410357647424,0.022577126040146573,0.06117195549127624,0.2136280325902183,0.38072646053127795,1.209243325002051,0.4496382587782179,0.9082946186407631,0.0024999836356240633,0.18940367845192668,0.2486050224996371,-0.0005293721920582306
374,14,0.6016042780748663,0.9692170022371365,0.983337649426618,0.9224598930481284,0.9287546607009693,0.044044506328585996,0.04638732968520846,0.06346101571008216,0.22190170267675613,0.5876428263711831,1.2871947470565994,0.5709126280830418,0.8988375968243302,0.004163668726550968,0.18089282990785038,0.23967657067688525,0.0005136062144963233
416,11,0.6225961538461539,0.9809409045077834,0.9907992483160206,0.9495192307692307,0.9494257678971054,0.053155171693856196,0.04004355774757722,0.04389594666559224,0.16546629189551948,0.09775556072077513,1.2702215661519254,0.6177593181141032,0.9202761556999186,0.008198980047391868,0.19924103729241643,0.2349701830621302,-3.217915151337847e-05
421,11,0.5676959619952494,0.9420433123361994,0.9643684837514215,0.8788598574821853,0.8854430088739712,0.05875875942112065,0.051746259840110415,0.09338924314947443,0.30150989276226325,0.43375070396500326,0.9289699585662318,0.5287219666325437,0.8946954666060782,0.008719296726941814,0.1606990878500088,0.24541725672953774,-4.822245699633021e-05
352,12,0.78125,0.9561275088547816,0.988662904165323,0.8863636363636364,0.9085714285714286,0.08844192446416624,0.08844192446416628,0.08389069488614885,0.27003287738855536,1.324433566629703,1.1606460849705138,0.6928080755358338,0.898416232124476,0.017158237437758128,0.10323795125937729,0.1708984375,-0.0009280287922319858
397,12,0.6977329974811083,0.9719314079422382,0.9892368948732319,0.8967254408060453,0.9212695547533092,0.0828103253264367,0.08179869997274966,0.07527424879573616,0.24391937251942286,1.697712756065372,1.3316568994705937,0.6159342975083587,0.9143613488873039,0.019105445343312377,0.15360696752642167,0.21090166170713603,-0.001125890728290585
426,9,0.7746478873239436,0.9382575757575757,0.981996804987419,0.7981220657276995,0.8549242424242425,0.2018859044336726,0.20188590443367257,0.14192562602807648,0.43577733179288336,2.1956455975793463,1.4606279341629393,0.5727619828902711,0.8164278204730131,0.06729403135823674,0.09967632144134822,0.17456853798849437,-0.00026062187730638287
317,11,0.722397476340694,0.9578205637157602,0.9858860273083726,0.9053627760252366,0.9205041683207622,0.07201342531329567,0.06012630876658619,0.07571092416602575,0.25120412573592027,0.8777138830113742,0.9335785587001955,0.6665491649167393,0.9292545764705288,0.015416804428772633,0.14081479579384654,0.20053936251729046,0.0005695530138091903
398,11,0.5954773869346733,0.9868700369525907,0.9923149212428082,0.9472361809045227,0.9477291191655528,0.033048862933050815,0.02644788112672149,0.04100176010230039,0.14694360371478715,-0.020276981202374277,1.3969750007772312,0.5999030208071261,0.91831484128897,0.0030580753650793313,0.202574962837835,0.24088406858412667,-0.00036542100907061004
357,11,0.6694677871148459,0.9462804056449896,0.975761962446371,0.8711484593837535,0.8823133111126871,0.07869026250754932,0.064312377960008,0.0935355804990203,0.2975652887261072,0.768767307513583,1.2151634698334923,0.6051554091548379,0.8603945133335394,0.012363415584102417,0.13930316474089402,0.22128066913039726,-0.0008053394745853593
304,9,0.9013157894736842,0.9868613138686132,0.9986247255905523,0.9144736842105263,0.9525547445255474,0.11445727187179935,0.11445727187179934,0.06186257417278707,0.20914331086042542,3.0946533832085215,1.7230655444492478,0.786858517601885,0.9051243704927208,0.03553330603141562,0.062473206041419316,0.0889456371191136,-0.000143162936322834
430,13,0.5511627906976744,0.9448197459609541,0.9602364948537316,0.8651162790697674,0.8718655035963359,0.07085107261672176,0.0790006587556924,0.10069775076946078,0.3220770505204653,0.8008318562045198,1.159947092930445,0.48243924768748714,0.8624615012395058,0.01365858993214219,0.159957601384804,0.24738236884802597,-0.00038560662590339523
334,12,0.7844311377245509,0.931615776081425,0.9821435465818855,0.8592814371257484,0.8700169635284138,0.09734976498153078,0.09231203008273245,0.1027592686984882,0.3224940730296556,1.0754174041428348,0.8874478336133907,0.6921191076418185,0.8835541939979981,0.018677575190060726,0.0846484090916821,0.16909892789271758,-0.00036882529260801045
442,9,0.7760180995475113,0.9892216626910504,0.9970177012501369,0.9547511312217195,0.9349176900197309,0.05530089510495037,0.03762575906496584,0.035666701070544336,0.1327711979584526,-0.09762471346511929,1.6441379065779724,0.7694260716440527,0.9177004058732694,0.007153106151416973,0.14468643694754954,0.1738140087221801,-0.0006139768555032191
366,11,0.674863387978142,0.9513829823427347,0.9804048341883016,0.8961748633879781,0.8969482529854047,0.05001585130253563,0.0371909732883782,0.07822027353131368,0.2543182712542828,0.22688796858498606,0.9873083104802912,0.6577382912807093,0.8983627239300849,0.005182873687691117,0.14534676372502933,0.21942279554480576,-0.0010386319761538781
348,13,0.5258620689655172,0.9737042556714687,0.9820875287354833,0.9281609195402298,0.9310978638847491,0.05843038825613432,0.05878922400010114,0.05967708149174543,0.21371932616552797,1.1657959966493652,1.5226824313546614,0.4826091283030901,0.9045594056160956,0.00818777425160158,0.1982181584478943,0.24933115338882283,0.00037631229921532283
358,10,0.770949720670391,0.9836956521739131,0.9956617804433721,0.9078212290502793,0.9402173913043479,0.09848532631968678,0.09848532631968682,0.06980932209903963,0.22685120828599106,2.8552242051760506,1.8982983596173002,0.6724643943507042,0.9126158468190994,0.03071514855960805,0.13815416824426954,0.17658624886863708,0.0006620929150640414
405,12,0.562962962962963,0.9532411537317871,0.9715177986757721,0.8962962962962963,0.8977847160273564,0.052078021126805915,0.03358932942653762,0.07949791128062779,0.2597819625367835,-0.016641884531272147,1.0234211987183743,0.5646804021362443,0.888994823550646,0.006516008827926176,0.17219762550894305,0.24603566529492454,-0.0008561373332798689
368,12,0.5570652173913043,0.9580727218315128,0.974261898058977,0.9103260869565217,0.9132275923986234,0.03714590043454903,0.046761224096766384,0.07224839409608269,0.24659074467497247,0.12721287773562961,1.1819800438783719,0.5530457399612075,0.8867950418885833,0.003934064238666813,0.17890115512667232,0.24674356096408318,0.0004719240200050101
335,11,0.6447761194029851,0.9681372549019608,0.98620791357059,0.9253731343283582,0.9194872393401805,0.06853164868121875,0.04839590737140527,0.06071445083179719,0.2078848463971596,-0.2544344666126258,1.106792231066386,0.6601272722372358,0.9089802470818885,0.015758573686374247,0.18414327146162865,0.22903987525061262,5.9273356438960256e-05
336,10,0.75,0.8980536659108088,0.9673946041107405,0.7559523809523809,0.8214285714285714,0.20266669918495128,0.19611293751422,0.17901107080435819,0.5451271873516145,1.7334764146544417,0.826694148887786,0.5538870624857799,0.8805563826424222,0.07619017275280039,0.08332770331626167,0.1875,-0.0013513986321805338
465,9,0.4967741935483871,0.9635919635919635,0.9695869418021867,0.9032258064516129,0.9029304029304028,0.06584257473078203,0.0495036415217957,0.0751811905281039,0.2477620621701316,0.43143486938391357,1.20939074163215,0.4714341628480899,0.8868552076368394,0.01077930420829502,0.18651240237954558,0.2499895941727367,0.0009246945266177808
372,13,0.5940860215053764,0.9823799107009079,0.9899667241166832,0.9381720430107527,0.9374756525126606,0.04242422057954727,0.03606132875213769,0.04799820432251547,0.17135800650625105,-0.11105833904525261,1.4171797784268418,0.603685033832438,0.9039114048041151,0.004013919707253692,0.1956556637641993,0.24114782055728987,-0.0015078721778288076
344,11,0.5436046511627907,0.9537109574576792,0.9682098480054351,0.877906976744186,0.8846350352532444,0.08128480021630279,0.08772668372646521,0.08984639419522195,0.293680438083336,0.9746849065378471,1.4891483422487315,0.48688675441036033,0.8593948979854151,0.015407126976607188,0.17245346342831058,0.24809863439697133,-0.001205903750045978
402,11,0.554726368159204,0.931232307037102,0.9549668994649847,0.8507462686567164,0.8610617030337951,0.08831673189887002,0.08212491824599709,0.11327711839800603,0.36034273373585674,0.8506035476393219,0.9122906259599829,0.4740971300884561,0.8994567027555158,0.02106490320489887,0.15386885818320872,0.24700502462810328,-0.0009239512517874027
294,7,0.6020408163265306,0.9271814187068425,0.9633904569472815,0.8843537414965986,0.89236563812835,0.07761651123546191,0.05313741751786621,0.09337138247321461,0.3058664536856359,0.1541964552625827,0.8375701827962079,0.5816555770524674,0.9032554729558887,0.01371025448913513,0.1609870411748036,0.23958767180341525,0.0010604973554678432
324,11,0.654320987654321,0.9714454177897573,0.9863627237147463,0.9104938271604939,0.9189690026954178,0.06375029924250103,0.06962094353673501,0.06812971868982934,0.23054508888228095,0.821276892607938,1.494747048347617,0.6078465216714534,0.8793665632898711,0.009118295242508326,0.166615686648253,0.22618503276939492,-0.0005579226738209042
300,10,0.78,0.9188034188034189,0.97722168269424,0.8,0.85003885003885,0.1833678955822019,0.18336789558220193,0.14845787069718613,0.45425860882978497,1.7915888571650682,1.0369352786599892,0.596632104417798,0.8507926205889774,0.057926940793343235,0.08277592592592592,0.17159999999999997,0.001706855829768844
378,12,0.7804232804232805,0.9483357157443332,0.9862703024797286,0.8386243386243386,0.8879518072289156,0.16644657302038962,0.16644657302038962,0.1238555100729388,0.39586323788520106,2.1973350636821456,1.1829763003161762,0.6139767074028908,0.8811871799340807,0.053597129465179055,0.10185227586040463,0.1713627837966462,0.0007478726715181572
381,12,0.5485564304461942,0.9678702570379438,0.9752907119201748,0.8923884514435696,0.8977968176254589,0.07951359015824294,0.07247325245120508,0.08004312216920492,0.26229125088342115,0.9363907251538184,1.4878624062262005,0.4919024560624758,0.8666752245592863,0.015435963857830927,0.18229954225916503,0.24764227306232392,-0.0007355724917848805
338,13,0.7130177514792899,0.924070667750353,0.9723302354586691,0.8372781065088757,0.8674124139111092,0.11304336432751508,0.11304336432751509,0.1210649237974975,0.3789210503662447,1.1671930467532576,0.9432489237595506,0.5999743871517748,0.8800941008342913,0.02455870743683759,0.1082694917423322,0.20462343755470747,0.0001522705482846498
353,12,0.6770538243626062,0.9464875578066505,0.9771830263733238,0.8583569405099151,0.8862218307274463,0.1172168828566874,0.13113499229816872,0.10851057424847853,0.34901700299416855,1.4779686668722072,1.1905768915066879,0.5598369415059188,0.8788503963805826,0.026860120429705727,0.13706902966104653,0.2186519432785754,6.754020124392912e-05
342,12,0.695906432748538,0.9485698125404007,0.9799113229204377,0.8771929824561403,0.8955235940530057,0.08894519126569407,0.08903128895227111,0.09569721247253217,0.31219379762635735,1.1139144349373866,1.0128653704220043,0.6077560051017482,0.8950529359404847,0.020684448708180717,0.1373218858507767,0.21162066960774253,0.0007139800073856228
423,10,0.5791962174940898,0.9791332263242376,0.9867399587928058,0.9243498817966903,0.9300848429259344,0.05011258974527859,0.05606948083116697,0.05717580035125305,0.19901888586912525,0.8437828399159085,1.4355561106428494,0.539900252841652,0.8986793212083037,0.006757668897596861,0.1924195752707657,0.24372795913462883,-0.000890252410206932
353,11,0.6770538243626062,0.9741980474198046,0.9892633736736398,0.9235127478753541,0.9343389855391617,0.06660502769586588,0.06504383917248813,0.06178679442960639,0.2158421845706123,1.1011196329130764,1.3242652391786647,0.6184191630012407,0.9056941023834272,0.010748687885972195,0.16778676046296914,0.2186519432785754,0.00017292372802794193
434,10,0.8317972350230415,0.9993549121542139,0.9998672126669128,0.9907834101382489,0.9726027397260274,0.0558014185500397,0.03990294168987268,0.011919488907973067,0.068935493314815,-4.1765699687524025,5.177139359509551,0.8179138378247042,0.9432035785071544,0.009291691271416132,0.13767627001609462,0.13991059483106458,0.0003934728215869744
373,13,0.6380697050938338,0.983535636476813,0.9920176264053391,0.9436997319034852,0.9430594460006225,0.04389023706720109,0.040257502936368074,0.045428483132386434,0.16879906028694466,0.15832811832394042,1.5236733445422936,0.6304913497603316,0.9017626001062052,0.004101001442255685,0.1885662012049378,0.23093675653530177,-0.001043073640233226
404,11,0.7029702970297029,0.9594776995305164,0.9841695708603715,0.8836633663366337,0.8980046948356808,0.07429194889781504,0.07655450061248494,0.08236758931721651,0.2632688936124884,0.996037356586752,1.1851847591149054,0.6327244862026972,0.8843816236509304,0.013031085910840396,0.13741368510170898,0.20880305852367417,-0.002052870015589084
429,12,0.46853146853146854,0.9885877629396875,0.9886625585295317,0.9440559440559441,0.9444226237234878,0.07280952919031611,0.0628865092467907,0.04585064269846099,0.1646669106792849,-0.6275367956171953,1.6249825535821238,0.5046913709284142,0.898022284656015,0.01207665989460444,0.2154673479848305,0.24900973152721403,0.00023159926147301585
332,13,0.6596385542168675,0.9845637855093547,0.9928869919818546,0.9246987951807228,0.9386390269527619,0.07987262046653208,0.08329780929097244,0.05736865204147179,0.20052194605610082,1.6728581138562257,1.8817720479015951,0.5967182104996854,0.894590613564014,0.016546707220274796,0.18290920967833438,0.22451553200754826,-0.0007843775080168813
371,12,0.9029649595687331,0.9559701492537314,0.9952199278926004,0.9002695417789758,0.8951907131011608,0.1094393914874642,0.10943939148746419,0.075471528095871,0.2451807822179342,1.8394995820890752,1.0411043204988506,0.7935255680812691,0.9002252002159237,0.03265207858200661,0.04590557577997331,0.08761924135976927,0.0011057839340684328
369,11,0.6666666666666666,0.9777248992002116,0.9903557498301544,0.9322493224932249,0.9247967479674797,0.04743436740810735,0.041960825629175094,0.053841939433798836,0.18724702196312668,-0.1490010946183108,1.422869850166914,0.6724393560264392,0.894851231255061,0.006744833450830507,0.17498664388908292,0.22222222222222224,-0.0001384723501710039
462,10,0.7424242424242424,0.9340960874145576,0.9762328640518436,0.8376623376623377,0.8577430972388955,0.13325853765828638,0.1329259635374161,0.11619982346266841,0.3565528153479037,1.3718372558177125,1.2856641307442032,0.6101441338776312,0.8323171243257979,0.03969281380264061,0.11449610187634458,0.19123048668503215,-0.00022737514865975306
314,12,0.9490445859872612,0.9175755033557047,0.99534268331983,0.8375796178343949,0.8552852348993288,0.18161543379924072,0.18161543379924078,0.12052022240859302,0.3790181289681122,2.7576456477681153,0.7763839191782598,0.7674291521880204,0.886810201660489,0.08313012156167007,0.011150259967402648,0.04835895979552922,0.00018140101879637882
348,10,0.7586206896551724,0.9427308802308803,0.9828088150024881,0.8390804597701149,0.8777056277056277,0.13645196939268114,0.1364519693926812,0.11796937179645625,0.37181021621748667,1.696375619845038,1.014841436825701,0.6221687202624911,0.889537412975486,0.04092893198264703,0.10463688958415453,0.183115338882283,-0.0014380094843192692
388,12,0.6958762886597938,0.9253923414940364,0.9679092487183263,0.8221649484536082,0.8483678593848085,0.12855535272592708,0.12855535272592716,0.1256581818066637,0.38685294545570503,1.2493358147949702,1.1768450442859733,0.5673209359338667,0.8314387760370237,0.03100673724828117,0.11604530402432249,0.21163247954086514,-0.0009357309581601303
342,11,0.695906432748538,0.9398432449903038,0.9754977164448331,0.847953216374269,0.8745151906916613,0.12162426738182523,0.12250512868730658,0.11554292235023479,0.3659362338807852,1.3700087861508001,1.05318408379337,0.5742821653667128,0.8746723747488518,0.03342018643683926,0.130366324537608,0.21162066960774253,0.0008683908432609994
365,10,0.6520547945205479,0.993118507245418,0.9966547885403759,0.958904109589041,0.9648150598822206,0.04190154165473178,0.04070341642047253,0.031989201612670264,0.1212039916291492,1.150947628157432,1.646270268388473,0.6232229563148247,0.9332179346242103,0.005761886451442309,0.20005850619332982,0.22687933946331396,-0.0005935181087561928
312,13,0.7083333333333334,0.9554472676644622,0.9842358469095225,0.8782051282051282,0.907563025210084,0.10496211281624672,0.1049621128162467,0.09245057312101362,0.3052845169038026,1.5957771081550411,1.3991788127753253,0.6033712205170866,0.8797962220955017,0.02281587707542742,0.13663283475783478,0.2065972222222222,-0.00032969141880123676
419,13,0.630071599045346,0.9955034213098729,0.9974267410503448,0.9665871121718377,0.9681573802541545,0.06092044939149356,0.0483155066042822,0.029812480010131887,0.12121575319342967,0.47495467823760984,1.8961644509737607,0.6189225302519168,0.9193551659953928,0.006726063071775636,0.21068058639950027,0.23308137912178672,0.0006856242160697863
277,10,0.8339350180505415,0.9616977225672878,0.992499712763038,0.8628158844765343,0.9003387916431395,0.1337316521254938,0.13373165212549376,0.09550309893415755,0.2963431422307587,2.106631954663742,1.4290619682165195,0.7002033659250477,0.8762109090060544,0.04151430838629581,0.08320046691266762,0.13848740371958454,-0.00129814625905518
386,14,0.7849740932642487,0.9689053242673665,0.9918831445702969,0.8756476683937824,0.9120442164698398,0.128313940002217,0.12831394000221708,0.09175539536290786,0.2944722451441307,2.157035618115427,1.4549452875395037,0.6566601532620316,0.8843892608272056,0.035589845410212734,0.11225385693877149,0.16878976616821928,-0.0003703592767526631
428,11,0.7570093457943925,0.9480353751187085,0.9843988972016234,0.8644859813084113,0.8909069325735992,0.10806794495407243,0.10806794495407243,0.10056157185661407,0.32273355129213266,1.411655932305371,0.9974927144474366,0.6489414008403201,0.89510940403682,0.025054277634612675,0.10768312139559563,0.18394619617433838,-0.0007557805567413589
409,11,0.5770171149144254,0.9642892132850004,0.9788368554296176,0.902200488997555,0.9121681199177035,0.06927038114512393,0.07839455740100269,0.07713172932835888,0.25885680828381585,1.1870289277345436,1.2149049095670097,0.5104642075428425,0.9100293012589785,0.015632391110650474,0.18262527260224706,0.2440683640102582,5.624680969726348e-05
472,10,0.690677966101695,0.9897890579040256,0.9958419534338316,0.9555084745762712,0.9526640894192789,0.03373791915422657,0.021814093442678248,0.035254149374919726,0.13058641021701686,0.1508895764621183,1.4651136801272264,0.6821485209324547,0.9248235697754964,0.003086762407864222,0.18135176827815747,0.21364191324332088,-0.00012275799810792382
343,9,0.521865889212828,0.9992505790979698,0.9993205321391017,0.9650145772594753,0.9634146341463414,0.09532921712214228,0.09179632357587215,0.03183143748743083,0.12892886852560922,-5.440742213668595,4.234056964542569,0.5858271857633406,0.909498123459727,0.0244617816518115,0.24174734450214908,0.24952188288893234,-0.00040488255116395006
314,11,0.5222929936305732,0.9584146341463414,0.9689447518716838,0.89171974522293,0.8940650406504065,0.053451800071197327,0.05258023358115461,0.07845513849223257,0.2562498300881274,0.4618099832773095,1.233136148875739,0.496833058724165,0.8797913975243367,0.007583022702061236,0.17641831610513886,0.24950302243498723,-0.0022125905396770396
470,10,0.7808510638297872,0.9871696515965186,0.9965303866040423,0.9425531914893617,0.9492473744080845,0.06531330109082421,0.06208377424175377,0.04495166068197703,0.1633050385625437,1.2940012730565889,1.5997378951043504,0.7217748632728279,0.9088536026142245,0.010729968500102788,0.1371639858017869,0.1711226799456768,0.00026299803798434523
452,11,0.7212389380530974,0.9633849449800369,0.9864889317488506,0.8783185840707964,0.9010371019573473,0.10728530144621493,0.10728530144621494,0.09002706232493318,0.2919221126572103,1.5346520273984803,1.2114208352972635,0.6139536366068824,0.8825344144608674,0.023361058418271272,0.13391472912354435,0.20105333228913774,-0.0004725992589314776
361,7,0.6038781163434903,0.9995509078077884,0.9997051913245389,0.9889196675900277,0.986013986013986,0.06143603521667655,0.05576004302112943,0.014727629789385846,0.08185515235489148,-3.164181092778118,4.200480238009683,0.6096139714760764,0.9330730856007134,0.00939290825027885,0.23399506286964716,0.2392093369449283,0.00012044746382585368
282,11,0.5602836879432624,0.9363515720702328,0.9618010579052011,0.8794326241134752,0.8854634544712128,0.0638222910776765,0.04431787010146894,0.09202532277986221,0.3051334328552824,0.41731132431502743,1.0437871608205411,0.5248369044123068,0.8794226712041034,0.007792006945978375,0.16024346713244036,0.24636587696795936,-0.0018890940016351582
317,10,0.6624605678233438,0.9013796172674678,0.9560752066140696,0.8012618296529969,0.8408322207387628,0.1556113952996289,0.16578848953370068,0.15126643314109048,0.47540045258141594,1.383295600042723,1.0093237493916905,0.506849172523715,0.8606283325985508,0.037990958471223836,0.11090341737661277,0.2236065639025167,0.0005723281439627137
335,11,0.8626865671641791,0.9468933353392508,0.9919375456615438,0.8776119402985074,0.9107868211223109,0.1275019559946543,0.1275019559946543,0.09465716255793377,0.31301509775650194,1.8931798154339121,0.9968561137388385,0.7351846111695247,0.9032143989408439,0.03700711045436025,0.06105245239747395,0.11845845399866338,0.0002440505023841022
337,12,0.7537091988130564,0.9659425101982735,0.98943159206762,0.9080118694362018,0.9065316383644816,0.06258387842749896,0.054387743453624224,0.06865810651931215,0.22785858580660487,0.7729580012228526,1.328030742189158,0.6993214553594321,0.8830504838853835,0.009066225125779625,0.12511742728267441,0.185631642437637,-0.0009223337614300553
369,11,0.7018970189701897,0.9794664794664795,0.9921505040133829,0.926829268292683,0.9374166374166374,0.055725796264214186,0.05506616134149358,0.05698121125273675,0.19152489135807968,1.0688906699761513,1.2110366161249237,0.6514451432515654,0.9235442057157564,0.01207666854852148,0.16507155573787172,0.20923759373095085,0.0007385047111361231
395,11,0.569620253164557,0.9989542483660131,0.9991966257015789,0.9746835443037974,0.9705882352941176,0.08353795448492635,0.06972373351373577,0.026505314040873224,0.11804774871257316,-4.332007865794599,4.396575751074058,0.6082374979552849,0.9117664347636394,0.019463171071867343,0.23829307751549328,0.245153020349303,0.0001822001351961533
349,11,0.5959885386819485,0.9786211129296236,0.987727613257135,0.9283667621776505,0.9261968085106382,0.04212621396954442,0.04164476136503818,0.054858379804432665,0.1882854554570845,-0.20826297770646673,1.3495884771817346,0.6087856589894586,0.8973747124982354,0.0049638720382442604,0.1897541564437326,0.2407862004417041,-0.0011375362317830665
335,12,0.755223880597015,0.9635592403354862,0.9892335205501801,0.9134328358208955,0.917960088691796,0.06538712615833747,0.0599123385629997,0.06942940871998889,0.23624381577811202,0.8852740890602996,1.1661224480746069,0.6953115420340154,0.897704360388077,0.008768678672215842,0.12492410954134382,0.18486077077300064,0.0007240688161162245
306,10,0.8333333333333334,0.9984621299500192,0.9996826780199563,0.9869281045751634,0.9607843137254901,0.07075026012468362,0.05302032971255174,0.017113367811225397,0.08947777594246638,-4.013032293616127,5.1656313038043695,0.820569733431536,0.927838526551206,0.013331429357338198,0.13570923865041512,0.13888888888888887,0.0006022882154134573
346,11,0.8034682080924855,0.9153618281845112,0.9800244189991292,0.8352601156069365,0.8530469741853576,0.11674488789389356,0.11418049360818945,0.12050084407733563,0.3700225842410276,1.2275781663312146,0.785844562178629,0.6892877144842962,0.887624860014842,0.033638607693140046,0.07054987797887982,0.1579070466771359,-0.0004949323140604894
433,10,0.8475750577367206,0.9469903393609116,0.9908456316711238,0.8775981524249422,0.9029394765089589,0.11346803810349194,0.11346803810349206,0.09238846540204716,0.2979074288363663,1.6169164211869715,0.9967755474543584,0.7341070196332286,0.9003775695278691,0.026232859485496855,0.06369370230053578,0.12919157923931535,0.0006577289777707357
398,12,0.6884422110552764,0.9909642100306099,0.9960914455333818,0.9547738693467337,0.9494937603013892,0.062325180736529706,0.032340689360837324,0.03739817221007428,0.1373127545868515,0.009362666791145138,1.6619982897822154,0.6842759570142698,0.9146224379505664,0.008730503763164825,0.18655624127739734,0.2144895330925987,0.0007343766317080905
374,10,0.5294117647058824,0.985393709825528,0.9885556218290573,0.9358288770053476,0.9349747474747474,0.07879866113988777,0.060645770132782814,0.0515259573355467,0.17833012443835916,-0.5889954562563595,1.5671322001469985,0.5645508054793454,0.8929382446019657,0.013910539303498915,0.21187776083969856,0.2491349480968858,0.0003582307748605379
326,9,0.7116564417177914,0.9314930300807043,0.975449376129089,0.8650306748466258,0.8798606016140866,0.08548146013323374,0.08090584488390243,0.1033953067024848,0.33331141488864685,0.8924869535999255,0.9258463826039087,0.6307505968338889,0.889340131071232,0.02257445649753547,0.12421377391202221,0.20520155067936316,-0.00016692656239163106
354,10,0.6666666666666666,0.9801062912956047,0.991337492239882,0.9350282485875706,0.9300847457627119,0.03783446558791415,0.03525139536689722,0.050383341105745105,0.17595218840168633,-0.04716604493754847,1.383650884058168,0.6685301301712389,0.9030724903917922,0.00434153361234124,0.1754669723489416,0.22222222222222224,-0.0007134423798767775
385,13,0.612987012987013,0.9701683539984075,0.9845699130689869,0.9246753246753247,0.9311369582527584,0.03918197548340151,0.04236684427496454,0.06175304966801016,0.2162329931014926,0.5547666505595065,1.2889476733587177,0.5853853248986306,0.9011141715074771,0.0036960380514108274,0.17966412375503282,0.23723393489627256,0.00048720047535958516
414,9,0.6666666666666666,0.8695127074144088,0.9381421638211093,0.7584541062801933,0.7971014492753623,0.16786092995167473,0.16786092995167476,0.17666942158781812,0.5396152405515059,1.1830889753843659,0.8163470596262705,0.49880573671499195,0.8324075040507777,0.043836289622159706,0.08965248859222094,0.22222222222222224,0.00026339833565711124
464,11,0.8448275862068966,0.9351615646258503,0.9880246695423375,0.8556034482758621,0.8691893424036281,0.1268056659109395,0.12680566591093936,0.10387006782564573,0.32271649310787615,1.5732060899501221,0.9804681675974849,0.7180219202959571,0.8751234749654643,0.03472803148863114,0.06225901199488529,0.1310939357907253,0.00030711254117456177
307,11,0.6807817589576547,0.9997070598574358,0.9998618583164991,0.993485342019544,0.9897959183673469,0.06185056769515001,0.05075404764682581,0.01200248083846504,0.0757331344855772,-3.0593134750569337,4.481726961875188,0.6823879893947409,0.9349210815150744,0.008563100249408252,0.21418126845240135,0.21731795562817643,0.00030269341328168983
401,10,0.48129675810473815,0.9995516141889199,0.999511551664402,0.9850374064837906,0.9855769230769231,0.06874392103388861,0.05497092798747992,0.017913935807396475,0.09127974167835227,-4.115808346088612,4.347109493115053,0.5146398196988117,0.9277076127076606,0.013324647094051444,0.24521682770076747,0.24965018874260733,0.00015592767150515718
349,12,0.7593123209169055,0.9429919137466307,0.9819270097665835,0.8108882521489972,0.8592093441150045,0.1732243634099102,0.17322436340991026,0.13350526255944892,0.4100417826863524,2.0316785231122214,1.181280793034542,0.5860879575069953,0.8566062240710122,0.053721246003870606,0.10106529765431688,0.18275712022068782,-0.0019078060107926287
397,12,0.7405541561712846,0.9559144045967901,0.9855333015362167,0.8664987405541562,0.8972491909385114,0.11882409938260982,0.1188240993826098,0.09857383086257686,0.31595874440129884,1.6281772410887874,1.2377238969778008,0.6217300567886749,0.8774788293424332,0.02660314221190411,0.12020158031642883,0.1921336979487212,3.857101838038168e-05
437,10,0.5606407322654462,0.9914328231292517,0.9937127849508332,0.954233409610984,0.9535501700680271,0.06729986699052692,0.04043586482134848,0.03911865867705203,0.14763967890149524,-0.18644645480657981,1.7510614580685548,0.5688255532282888,0.9052366754881147,0.00907292866572265,0.2167127628822892,0.24632270159031047,0.00043579130330809873
346,11,0.8063583815028902,0.9715401487187718,0.9937127542280093,0.8670520231213873,0.9175627240143369,0.14464087564203335,0.14464087564203337,0.100469953326559,0.3192180522199546,2.9157645274400834,1.5470287537345089,0.6617175058608568,0.9007099854056544,0.05041067787501467,0.10698750932763094,0.1561445420829296,0.0009022426962456698
423,11,0.706855791962175,0.9737296364224836,0.9903231179158416,0.9267139479905437,0.9292803970223324,0.0514553964060164,0.04068094158800039,0.05828948470117763,0.199564973618298,0.5749499561741809,1.1810097782981568,0.6733778858164226,0.9111565119377439,0.006516447774529625,0.15612885666831644,0.2072106813317014,0.0006912122632630607
330,9,0.6181818181818182,0.972416744475568,0.987166063642286,0.9484848484848485,0.9522642390289449,0.041282495216032514,0.040129742513844345,0.0460854033728505,0.17412144943575314,0.1283987409364103,1.2320562913237083,0.6171108997164647,0.9215849993858921,0.006027485413430216,0.19686098890305134,0.23603305785123968,0.0008858490112319539
480,12,0.6333333333333333,0.9706377093301435,0.9856601378906433,0.9229166666666667,0.9223983253588517,0.057912494373395226,0.06294613188987107,0.06253397370536834,0.21692934335926983,0.18790829943058546,1.239652628716825,0.6198458665162428,0.8942612033256859,0.007649500974199529,0.17780274217162453,0.23222222222222222,0.00046499268057112464
369,13,0.7344173441734417,0.9876496724150915,0.9958124089309688,0.9322493224932249,0.9473604940131034,0.07380654618006849,0.07263293673553044,0.05105337157952468,0.1794257647379156,1.76251428865788,1.808668524988126,0.6678859695361807,0.9058173751847847,0.0156691859698408,0.15898474674429006,0.19504850875067017,-0.0006795763966962326
346,12,0.6705202312138728,0.959656684815487,0.9825738546888253,0.884393063583815,0.9048699334543255,0.0799366108636199,0.0796908314007461,0.08597210435883308,0.27741663715098636,1.249859737209561,1.2456512210067356,0.5908293998131268,0.8943626859801462,0.015222777561997703,0.14910948252236106,0.22092285074676735,-0.001064041427570897
352,13,0.7045454545454546,0.9656094913151365,0.9871909219025676,0.9090909090909091,0.9187344913151365,0.05628260822282789,0.052899187825183526,0.06978720181476307,0.2331153876405845,0.8433979291716815,1.0843273457470315,0.651646266720271,0.9092210331687945,0.007288534495929391,0.14515610651974287,0.20816115702479338,-0.0005063831862168328
332,9,0.5210843373493976,0.9996364561747919,0.9996670101937459,0.9879518072289156,0.9874213836477987,0.06973072142327925,0.06760895597700232,0.015860245997939355,0.08888595289135395,-5.965160585422783,5.227567092661598,0.5584745248194171,0.9271699244197126,0.01121558753190959,0.24462664458491143,0.2495554507185368,-0.0002841476675956127
403,11,0.7047146401985112,0.9504379216475323,0.9806626095659193,0.8808933002481389,0.8861995502426323,0.07352189231243807,0.06272199382534047,0.0870586323282266,0.2812809939877224,0.7422316168504751,1.2133065662744014,0.6419926463731708,0.8639160019969704,0.010352609451269298,0.13021123357503378,0.2080919160883941,-0.001174659636403036
406,12,0.7463054187192119,0.9601717453298727,0.9866215535213958,0.8522167487684729,0.8881732833477523,0.14377883102532812,0.14377883102532812,0.10805892550978999,0.33758998673410545,1.996258387691291,1.3597987900304913,0.6025265876938838,0.8657620601462296,0.043278107081241204,0.12526395243726843,0.18933364070955372,0.0007111301562634925
462,9,0.37662337662337664,0.9994612068965517,0.9991021826890703,0.9783549783549783,0.9826388888888888,0.07563846743991377,0.06321235175026355,0.02273052994917385,0.10205915809157262,-4.329719111160928,4.060309289568015,0.42946101223892635,0.9236034697099264,0.017347802889215974,0.22958340360937765,0.23477820880418285,0.00018792186515267928
336,9,0.5357142857142857,0.9143162393162394,0.9421338616392143,0.8482142857142857,0.8532051282051283,0.07596167308697686,0.06371175038567664,0.11475614122143785,0.3614712411499308,0.3036458349548733,0.8130161224030723,0.49404170058685276,0.8830529507230636,0.013841091144953011,0.14729046670933182,0.24872448979591838,-0.0005189730101017309
390,13,0.8282051282051283,0.9877085162423178,0.9976594317223546,0.941025641025641,0.9643962848297214,0.08042563215887,0.08042563215886993,0.04841579689295855,0.17425804817383994,2.5384985427002733,1.7109754164494733,0.7477794960462584,0.9255001043128827,0.018452494242399066,0.11313150420960769,0.14228139381985533,0.00081341304031185
363,10,0.5289256198347108,0.9983552631578947,0.9985133326491586,0.9669421487603306,0.9649122807017544,0.08640303564566021,0.07843405221150433,0.031825518660344304,0.131598327043476,-4.16778836233562,4.166167609931616,0.5771151889603774,0.9057571022626658,0.022437470618343704,0.23977651125159266,0.2491633085171778,1.2507764154678913e-06
443,10,0.837471783295711,0.9448188080263552,0.9893321419882832,0.8781038374717833,0.8824498352800239,0.11746692791887885,0.11746692791887879,0.092119614094197,0.2991277689088664,1.4758437924752328,1.0644441693511795,0.7200048553768322,0.8714811380520071,0.02778212528035909,0.07260214062247246,0.13611279547921265,0.0008268339570977196
472,11,0.7330508474576272,0.9946095972107534,0.9980774532144517,0.9661016949152542,0.961739609138453,0.053949850355956105,0.03631289630605925,0.02798221813376466,0.10880500129497814,0.33455764650954073,1.696147404298136,0.7167239243561677,0.9305243393354702,0.007445350246816784,0.17541775229657847,0.1956873024992818,0.0002673176842445564
364,11,0.6483516483516484,0.988479872881356,0.9949880926245023,0.9587912087912088,0.964645127118644,0.05986003160148696,0.04991449342436225,0.03488757064384453,0.1418810331964554,0.9531963680298899,1.885216692206977,0.6273282589845737,0.9142083505331995,0.008431172221189673,0.20082427134287897,0.22799178843134887,-0.0007111186658150317
421,10,0.38717339667458434,0.9995719788842916,0.9993439628167339,0.9524940617577197,0.9612403100775193,0.11506802901635058,0.10534474501101938,0.04144103859760067,0.1544431409571508,-7.4969311514830865,4.769904942290001,0.4838207104803789,0.8967626743401093,0.03523488700875106,0.23079207509446564,0.23727015758204933,-0.0002719308987340699
359,10,0.7493036211699164,0.9775712515489466,0.9935166707806604,0.9080779944289693,0.9386617100371748,0.0941034671154222,0.09410346711542218,0.07141844107885366,0.24055643601733204,2.4469656515779112,1.936949507464725,0.6552001540544943,0.8995036466812395,0.02542051042446824,0.14237826321316926,0.1878477044715668,0.0005284893959878884
349,9,0.45272206303724927,0.8962489230565313,0.9053017507272504,0.8223495702005731,0.8092650275034794,0.1018212194317466,0.09381242109504509,0.13475142786933206,0.4283561450015315,0.6676445006572914,0.8674251702158882,0.3680696776521919,0.8766724009284449,0.025482172218994185,0.13641008784347974,0.24776479667654616,-0.0020854531827285416
388,10,0.7757731958762887,0.944858135716195,0.9842416952648716,0.8608247422680413,0.8776110283728568,0.10731329768467064,0.10731329768467067,0.09885407836750369,0.30707200918123073,1.287540034550542,1.193782427828635,0.668459898191618,0.8619898236117232,0.02747720773633913,0.10259221345325818,0.17394914443617812,1.9939648244621244e-05
375,10,0.5386666666666666,0.9148686544955075,0.9380240064868128,0.7893333333333333,0.8027957420019458,0.15909340540254147,0.1582107295108388,0.15489261351939687,0.4784646469747563,1.645322736580125,1.1419960472643598,0.3804559371558279,0.8650697353424897,0.04369466552271655,0.13599410877132911,0.2485048888888889,-0.001312832120879459
379,11,0.783641160949868,0.9533136240453314,0.9880050127040754,0.8891820580474934,0.9028085735402809,0.081058142205577,0.08105814220557694,0.08291628007929008,0.26847231784978987,1.1260560469348102,1.0937736769166508,0.7025830187442912,0.8938874776501581,0.01273745589098981,0.09926922797454191,0.16954769181501106,-9.963965216887305e-05
413,11,0.801452784503632,0.927381917323705,0.9826364094291846,0.8353510895883777,0.8697590450224744,0.14165878517898786,0.14165878517898792,0.1207386754054789,0.37982716354994345,1.5690858489261033,0.9619341512670487,0.6597939993246441,0.8735623040907002,0.035884058521861335,0.0740425235928363,0.15912621871500682,-0.00022907823855293497
398,8,0.5753768844221105,0.9717319965892355,0.9821561642065614,0.914572864321608,0.9195628019947805,0.04578069061693732,0.05027027866132528,0.0646370939266649,0.21910701526894574,0.5605662675914703,1.345619009141381,0.5470116232335437,0.8897916013549275,0.005873786077068529,0.18499948880583733,0.24431832529481579,-0.0005555286393820885
394,9,0.8299492385786802,0.9729791409922863,0.994818553827325,0.8578680203045685,0.9143730886850152,0.16350957312574105,0.16350957312574102,0.10660786005118891,0.3378144528164188,3.049416804446032,1.6154874345156045,0.6664396654529392,0.8849192766699636,0.05742668283540936,0.09265723003837874,0.1411334999613492,0.000704907292809101
440,9,0.6795454545454546,0.9972959510424819,0.9987163947482378,0.9318181818181818,0.9498327759197325,0.11591578007202269,0.12459682655046482,0.053066047701879684,0.18700467983052108,4.5596680954097355,3.427854722285301,0.5861943571052057,0.8947161854347678,0.035864091817810764,0.20117469551979122,0.2177634297520661,0.0006132216517940464
412,11,0.6189320388349514,0.94839515424004,0.9718253337124183,0.8689320388349514,0.884326214562258,0.09601178863378089,0.09341070664916845,0.10123345397228364,0.3286461730698467,1.1290090441999188,1.1225258131990723,0.5255213321857829,0.8769621058772763,0.022382561238221164,0.15738112753408423,0.2358551701385616,0.00037685012958510455
380,13,0.6868421052631579,0.9423033581248591,0.974533306996065,0.8289473684210527,0.8617630960430149,0.1373694386451725,0.13736943864517248,0.12251421005706256,0.37717227259923297,1.5809278532472057,1.1889482915721923,0.5494726666179854,0.8589424822837083,0.036032463112043264,0.12806277747181347,0.21509002770083102,-0.0005455032839982582
380,9,0.46842105263157896,0.9303871398375793,0.942456328349494,0.8763157894736842,0.8706474580042274,0.07454514079043767,0.07374026726333273,0.0991728131482936,0.33644482733961506,0.7242202134680212,1.108822116686668,0.40635217997898326,0.8723954339460765,0.00986342370249525,0.1592719352684211,0.24900277008310248,-0.00042144536888302775
312,10,0.8557692307692307,0.9881814398668332,0.9981842375562162,0.9262820512820513,0.9569288389513109,0.09683824805744165,0.09105290098065866,0.05440762464882772,0.1858314520459921,3.1069174198412783,2.3765249653025786,0.7647163297885722,0.9078195642991336,0.029287992111708457,0.09825655114116652,0.12342825443786985,-5.2070759584070536e-05
350,13,0.7657142857142857,0.9662813978886057,0.9906184474129832,0.9171428571428571,0.9205041863851475,0.05027880784989729,0.04503865400864543,0.06418272335536214,0.2125077921058509,0.7558021943353866,1.0987836708374137,0.7206756317056404,0.9143944721302423,0.006745588344056808,0.12240612244897961,0.17939591836734695,0.00044733909293799556
375,12,0.6853333333333333,0.9753676713051507,0.9902058255683965,0.928,0.9383037657455648,0.049662108456351016,0.06110165099998175,0.057991053875818696,0.20293260293433024,0.9095377870406328,1.294671458899485,0.6389902629498483,0.9113510307327884,0.00556016858267348,0.16402465497076024,0.21565155555555554,0.000803984708349928
411,12,0.7128953771289538,0.9500780933649563,0.9820062568966138,0.8880778588807786,0.8961936715450917,0.0626058717395473,0.05672192652340123,0.08460336289418403,0.27455759577511707,0.7204314270710571,1.0795640433768514,0.6561734506055527,0.8854476391382056,0.007058242833694071,0.12704980485895825,0.20467555839712054,-8.063347767232887e-05
334,11,0.7544910179640718,0.9534456058846303,0.9856771514940635,0.8832335329341318,0.897938443670151,0.09088008468230319,0.09088008468230323,0.0889475446751431,0.2879008769199123,1.176612626277973,1.167611241219119,0.6636109332817686,0.8800166081633686,0.018477329948756976,0.11542034486573405,0.18523432177561047,0.0006562378165096971
376,13,0.7845744680851063,0.9397363465160076,0.9839296410979375,0.8324468085106383,0.8753086419753087,0.15601226438302956,0.15601226438302943,0.12142083523119986,0.3780577962687329,1.811872158765339,1.2105525794578784,0.6285622037020768,0.8560808195769632,0.04239099057510661,0.09032812119569973,0.1690173721140788,0.00034059373771418155
372,10,0.8790322580645161,0.998572884811417,0.9998073856524164,0.9731182795698925,0.9847094801223242,0.06591476878203041,0.06402111162901367,0.02315324917144525,0.09931041082198865,6.713377888196873,5.644778991262983,0.8238131605239467,0.9341189286836733,0.012517257913598326,0.095965883752044,0.10633454734651406,0.00026732766337686856
414,11,0.5700483091787439,0.9624833365073319,0.9771540965239706,0.9082125603864735,0.9112073890687488,0.03865254265538737,0.04087361837233181,0.0709505735549655,0.23846119319869302,0.24896680170635724,1.0950598544260703,0.5539687622426217,0.897612445831565,0.003997573965270946,0.17717079089653673,0.2450932343811991,-0.0009694438949678225
403,13,0.8312655086848635,0.9592186128182616,0.9918545016695561,0.8486352357320099,0.8972344161545215,0.1573138290420627,0.1573138290420627,0.11152908345836476,0.3492791765760638,2.401632390892199,1.2383193964620076,0.6739516796428009,0.8866289645654005,0.05291124500413619,0.08150243677044346,0.14026316275575865,-0.00014288753108661345
336,11,0.5863095238095238,0.9554468100646386,0.9743023453980543,0.8988095238095238,0.9052331738669979,0.048440559742128526,0.039090178932053424,0.07870153351336275,0.26041442110469604,0.47090429214477186,1.060591100778699,0.5525935249124343,0.8953530475068339,0.005397864769321585,0.16933205469492663,0.24255066609977324,8.505733919454694e-05
330,11,0.706060606060606,0.9812840139816822,0.9932098837468678,0.9424242424242424,0.9411751692402991,0.05278915364659106,0.03721745687860223,0.04654102225018895,0.1732368629785955,0.3948424749125791,1.5302446520507251,0.684129176829018,0.9002179972067921,0.005097587971136138,0.1654023496198178,0.20753902662993573,-0.000693242731065101
329,12,0.7933130699088146,0.9709826459319361,0.9927362526898049,0.8844984802431611,0.9163286004056794,0.11375975540990041,0.11375975540990049,0.08469790818643044,0.27115086412327033,2.083885244995126,1.3057969565937984,0.6795533144989142,0.9027050393929177,0.03276814046383896,0.11154789364063117,0.16396744302066688,-0.0004897816574442326
358,10,0.8547486033519553,0.9958521870286576,0.9993254917948672,0.9636871508379888,0.9787581699346406,0.061906839116087804,0.06187468420138562,0.029084236764676728,0.11586108290129275,2.721624733100586,1.9917149193337524,0.7928739191505697,0.9342841301393789,0.013617325007291108,0.10880475798250988,0.12415342841983705,0.00011824132005844659
409,14,0.6601466992665037,0.9576871835864642,0.9808062257977848,0.8924205378973105,0.9045563549160671,0.06300488412946564,0.05925552738811575,0.08198067588229399,0.268156624542115,0.8222095043229839,1.1489473731845237,0.6008911718783878,0.8881000621568476,0.007950723722994992,0.1506702790019485,0.22435303471404403,0.00034719644720346277
379,11,0.6675461741424802,0.9640504423113119,0.9835051621126004,0.8891820580474934,0.9050442311311877,0.08985677998716465,0.08985677998716453,0.08475699218046612,0.28076401258773953,1.2665781366338558,1.2165307105328804,0.5776893941553156,0.8827220681617863,0.017212884238134617,0.15426055338517433,0.2219282795302177,-0.00012361820271186708
344,10,0.747093023255814,0.8573281452658886,0.9536148147336212,0.75,0.8022720157431011,0.18062556587915124,0.1803033291327789,0.1856048486695749,0.5660739787402636,1.2898542064054608,0.6582464812532884,0.566789694123035,0.8625561077451415,0.061356944135669965,0.06501693108135781,0.1889450378583018,0.0003197977569609489
384,12,0.6510416666666666,0.9522686567164178,0.977983262718181,0.8828125,0.8996119402985074,0.08096267285669327,0.08096267285669331,0.08927006735325997,0.2971130016748962,1.0686357047106316,1.1868589847931645,0.5700789938099733,0.8790668693242276,0.011865681772499293,0.14900377585188887,0.22718641493055558,-0.0007782534979060424
385,10,0.6467532467532467,0.9674580675643751,0.9835889521279777,0.9064935064935065,0.9010158280179541,0.08374936236924084,0.06831794118144997,0.06973128718905752,0.22693741690832925,0.04876426347202154,1.375468016644891,0.6421435214559348,0.8760583543841138,0.013951137456258601,0.17193287232248272,0.22846348456738066,-0.0007504625120990094
325,10,0.8092307692307692,0.9660247761560162,0.9919310474033821,0.8861538461538462,0.9050042928983196,0.10975522918799523,0.10975522918799531,0.0821628571067942,0.2629006511943368,1.7121555640780102,1.4994368181018283,0.6994755400427739,0.8744065056161606,0.02852503716478877,0.09943386206553625,0.15437633136094678,-0.001304649353405088
349,11,0.5071633237822349,0.9661673893049534,0.9774961208784749,0.9226361031518625,0.9225791617395874,0.07623902299018338,0.06610290289190242,0.062478808564846285,0.2135428317653086,-0.63925664431101,1.0927671947354844,0.5481239458160192,0.9043920299430288,0.020035229507140987,0.20718008599162446,0.24994868679239088,-0.00032502174306111437
343,10,0.956268221574344,1.0,1.0,1.0,1.0,0.03742176775850753,0.026042610711925172,0.004052165241013621,0.03970660748031067,1.9071350408647907,8.085691378850218,0.9302256108624188,0.9625782322414923,0.003574397683596598,0.041819309981385305,0.04181930998138534,0.00047776755741699064
289,9,0.6124567474048442,0.975635593220339,0.9883386635916125,0.9550173010380623,0.963276836158192,0.04254946763602616,0.03321054906374041,0.04130050121046084,0.1611769338951715,0.9039596252053854,1.4187147889719325,0.5903767028941763,0.9336719130188913,0.006483285684255224,0.20352995055135834,0.23735347996312306,0.0009936861144409018
394,14,0.5685279187817259,0.9832457983193278,0.9895403451709344,0.9416243654822335,0.9415703781512605,0.042384538380775855,0.03543671547716292,0.04669257491715108,0.16897351168949443,-0.1550993626036394,1.460138925520663,0.5811150412034696,0.902874915684903,0.004683801559264428,0.20265120290950617,0.24530392434744516,-0.000643948080052345
368,9,0.7744565217391305,0.9819065736630734,0.9951222275433492,0.9429347826086957,0.929000211371803,0.04318159670949733,0.03250089254976079,0.044617761243345745,0.16363365441233893,0.35144734678841993,1.4403024433041187,0.7479830705927091,0.9070241404737903,0.00371157171791376,0.13260387619954608,0.1746736176748582,-0.0011635519498801247
421,9,0.6555819477434679,0.9842578710644677,0.9928131014653957,0.9406175771971497,0.9350699650174912,0.04018819790825795,0.03327262654600022,0.045203359848376985,0.15439188067398169,-0.3152210221376281,1.3245975428036314,0.6703226812142746,0.9164544596487777,0.005393530364073269,0.18555130690505145,0.22579425753634882,-0.0004331211469936688
296,12,0.6182432432432432,0.9286715992069249,0.9618004801213439,0.8513513513513513,0.8662411141737996,0.08027505288169559,0.0802750528816956,0.11130364037843411,0.3552043126062794,0.8223469172809095,1.0689458594628134,0.5379681903615476,0.8595550317319356,0.011561553818813918,0.1355831881169719,0.2360185354273192,-0.0006932607507271205
391,11,0.6445012787723785,0.9678257394084733,0.9832106669186729,0.8951406649616368,0.9057468311065433,0.0785276622216943,0.07339808349817102,0.0781841041494796,0.2550433544860303,0.945924785924336,1.4296356092620361,0.5815767083666843,0.8706914857300113,0.016157548597329877,0.16752052983173923,0.22911938043314736,0.00042770495074159753
384,11,0.7161458333333334,0.9175646371976647,0.9686582587795634,0.8098958333333334,0.8451209341117598,0.14351302964129953,0.14351302964129953,0.13859919002945406,0.42980669427377377,1.3714515262023685,0.9101312093063733,0.5726328036920338,0.8624279920143575,0.03598114012500994,0.10009358106863285,0.20328097873263887,-0.0005693477595618834
398,12,0.550251256281407,0.9832402234636871,0.9891578559638097,0.9371859296482412,0.9419019922961149,0.06265715412914907,0.05042792772019887,0.05043078481296191,0.17865080713921316,1.3404899677328053,1.4914470200276475,0.50781990746841,0.9238277643335814,0.011302277666226431,0.20843543853422924,0.24747481124214035,8.913443882437033e-05
292,11,0.5034246575342466,0.9884588318085855,0.9892823952494334,0.9452054794520548,0.9452967393854094,0.06834387815524975,0.05358287323996621,0.04593602753878049,0.17390189488364347,0.20739686158979087,1.781161771894411,0.5067525407623654,0.8900604592248393,0.008790677575292049,0.21198625771621826,0.24998827172077312,-0.0008566640410664281
382,12,0.5549738219895288,0.9615427302996671,0.9749190049552169,0.8952879581151832,0.9033296337402885,0.07004330298132175,0.08052279302485094,0.08190817584758704,0.2759523574290156,1.1763346898637368,1.3829202232676794,0.4849305190082071,0.8819771448923964,0.011237705558907915,0.17677821407039032,0.2469778788958636,0.00047080546320586725
421,10,0.7885985748218527,0.9788141329362394,0.9948079465264609,0.8836104513064132,0.9262048192771084,0.12338069385535878,0.12338069385535878,0.08683934660135595,0.2778900631867479,3.21574818407891,1.6421041854712446,0.665217880966494,0.9159450105716472,0.04445873782520716,0.12475293929895298,0.16671086261079548,0.00042268546430629383
320,10,0.95,0.9368832236842104,0.9965865984402542,0.88125,0.8782894736842105,0.1348632822180804,0.13486328221808028,0.09097626998277883,0.29356905613623907,2.53587838751562,0.7886920754552911,0.8151367177819197,0.9141820971344392,0.05811960026873524,0.015178428082806485,0.04750000000000004,0.0005350977968500287
399,12,0.6090225563909775,0.9815870001055186,0.9899306079808996,0.9373433583959899,0.934789490345046,0.04625159759005737,0.0458561645784578,0.05007664471192976,0.1799188851205771,-0.14774898457752617,1.4825276539744912,0.615963716842384,0.8962006311471094,0.005516707978713195,0.19264339039671918,0.23811408219797614,-0.0009107550680403989
283,11,0.5406360424028268,0.9265460030165913,0.9524385535741138,0.8657243816254417,0.868878833584716,0.06442628335134588,0.037807994435684826,0.10050701887476853,0.3227464937034635,0.11478691537491424,0.923988768636278,0.5265295272779787,0.8743678918221589,0.010409238174074076,0.15664523781434897,0.24834871205783565,-0.001605693542792233
397,11,0.8312342569269522,0.9867933061962912,0.9974304384398034,0.8589420654911839,0.9151515151515152,0.16875264691607034,0.16875264691607028,0.09914083717664292,0.30762918061901956,3.941287090192146,2.2748832950308087,0.6624816100108819,0.8663774200715764,0.06584759599151112,0.10670520035584348,0.14028386703804982,-0.0002854254970745401
359,12,0.8272980501392758,0.9432497013142175,0.9884278060814593,0.8523676880222841,0.8852503529922884,0.13860490189222652,0.1386049018922265,0.1066983766683754,0.33704488928785015,1.7649075308195783,1.1051310891492014,0.6886931482470493,0.8755127864858478,0.036299456778876915,0.0713302237707697,0.1428759863750281,-0.001146842714759927
328,12,0.47865853658536583,0.9733676015942191,0.974715982691114,0.9115853658536586,0.9092077327075652,0.06502121760492269,0.054937437851057286,0.06786997618425668,0.23207174109798145,0.7741325804356857,1.5376320065466773,0.4434601019908511,0.8769126511997484,0.008750081410091837,0.18996962891633642,0.24954454193932182,-0.00045501824882056285
417,12,0.5419664268585132,0.9784320993374416,0.9867001700268896,0.9496402877697842,0.950296529676134,0.050717968033128204,0.052482690665005945,0.04470924086342389,0.16832734896555768,-0.1489791485134563,1.2681791008498489,0.5531463188058764,0.9177341703956663,0.009476592079983451,0.21348521838845974,0.24823881901672906,0.0004790481551711287
350,12,0.7,0.9834402332361516,0.9935789566173618,0.94,0.935374149659864,0.03432458044864817,0.02263751603932688,0.04494881127207949,0.15736111105769574,0.1729523186782295,1.3408277244742834,0.6901711916610999,0.9158577005552895,0.003296048333505235,0.16691428016428014,0.21000000000000002,-0.0014329568971456347
388,11,0.8814432989690721,0.9296974319857615,0.9905171268949561,0.8092783505154639,0.8729977116704806,0.20308518215816987,0.20308518215816984,0.1387497654963859,0.430368402142482,2.385562436812497,1.0601221289061984,0.6783581168109022,0.8586379549650057,0.07309224853607892,0.038893959696849695,0.10450100967159105,5.046698556562812e-05
322,9,0.7919254658385093,0.9405911618378695,0.9854284755597216,0.7670807453416149,0.8529411764705883,0.24150535279718152,0.2415053527971815,0.17586182331102587,0.5468987248573685,3.242228099700051,1.3527724512928962,0.5504201130413278,0.8699787342847646,0.10684834492146567,0.09710536560388033,0.16477952239496932,0.0013393215984712215
423,12,0.75177304964539,0.9714285714285714,0.9912622653199978,0.8865248226950354,0.9181491464510332,0.1188178726217783,0.11881787262177836,0.08756880700981363,0.28666803672746377,2.1450638794166643,1.3696613581685262,0.6329551770236116,0.8990692753140266,0.034496365145245365,0.1339288182735352,0.18661033147225997,0.0003909286658434902
379,12,0.7097625329815304,0.9615410611693139,0.985791051303109,0.8865435356200527,0.9093274754984793,0.09072120495600611,0.09072120495600616,0.08715237676316732,0.28533036388564526,1.407372764842393,1.0632915700613175,0.6190413280255243,0.9109153131592036,0.02015441256994022,0.13909700854892915,0.2059996797571724,9.529298498385519e-05
315,9,0.834920634920635,0.9482304767475871,0.9902996937191741,0.834920634920635,0.9011406844106464,0.1665175361182042,0.1634717161642691,0.12932304917306808,0.4119378332697185,2.665205267885883,1.0991233863097754,0.6714489187563658,0.9233702926430324,0.06913468562194591,0.0788170660279504,0.13782816830435876,0.0011772612747137923
407,10,0.5773955773955773,0.9586590796635329,0.972600334623695,0.8181818181818182,0.8409945571499258,0.16727343190043295,0.16727343190043292,0.12978716220326664,0.4028352129364477,2.4767933585447395,1.6243171898750848,0.4101221454951445,0.8502806954213318,0.054169205115231434,0.16735812596631422,0.2440099245996052,-0.0010338415452557648
371,11,0.9002695417789758,0.9821168473863086,0.9980796469277358,0.894878706199461,0.9416167664670658,0.11933373130437866,0.11933373130437867,0.07921068328654476,0.2560466613134644,3.880255629042856,1.5489394814358022,0.7809358104745969,0.9325382172386969,0.04885423836187018,0.059764117422707354,0.08978429392404877,0.00033626842333317475
388,12,0.6958762886597938,0.8994978028876334,0.960352152293783,0.8144329896907216,0.842812303829253,0.1202175115339208,0.11959942893140885,0.13975523134616258,0.43641742404469147,1.022624877655393,0.8250817523571459,0.5762768597283849,0.8678359904631837,0.027472855535219297,0.09981350374569503,0.21163247954086514,0.00046340001577316325
347,11,0.7175792507204611,0.9821735923284977,0.9940802832607738,0.9567723342939481,0.9636915006966642,0.04248033679721509,0.04137288222906024,0.03805477708179457,0.14523822458610303,0.7891535745548937,1.2793575586587735,0.690111983964034,0.9391901358879967,0.005179610507089478,0.17022911158361456,0.2026592696559227,0.00044500850239694023
340,11,0.8058823529411765,0.9173302366733024,0.9804377720818572,0.8058823529411765,0.856558283565583,0.17647156818332732,0.17647156818332732,0.14222813440959048,0.4404877714780211,1.8025653897926588,0.9588130356034779,0.6294107847578493,0.8613949277306848,0.05282092220700586,0.06755563856558668,0.15643598615916954,0.0005268646090017537
382,13,0.6492146596858639,0.9524554646124218,0.978071276783121,0.8821989528795812,0.898982908040443,0.0694413255203315,0.0661891511890582,0.08692772970610987,0.2818571026620294,0.9242553974855882,1.1115021590091871,0.5830255084968057,0.8936311215791974,0.010237624653035309,0.14989095622359172,0.22773498533483183,-0.0011539240581655563
294,13,0.717687074829932,0.9197738822588934,0.9714724667884254,0.8401360544217688,0.8593901673042883,0.09807671649473208,0.08841802054023973,0.11526839614061102,0.3586300433335004,0.8780410513666757,0.8846299776806541,0.6292690542896923,0.8746172479278678,0.0171352771570118,0.10270954456889914,0.2026123374519876,-0.0017696738994892325
355,11,0.6816901408450704,0.9890294741461274,0.9957155172446077,0.9577464788732394,0.9642909383456446,0.05482021394623224,0.059753581240489934,0.03477914794299613,0.1383564442492462,1.0033401957359644,1.814114199898373,0.6556966505786926,0.9185907468904603,0.00785115074019612,0.18931698810101788,0.21698869271969848,-0.000743707415880597
370,12,0.6756756756756757,0.9571333333333334,0.9800866059582085,0.8,0.8476666666666666,0.19052862243697308,0.1905286224369731,0.14081860416957065,0.42912761200975974,2.6214988818227285,1.5348864319867606,0.48514705323870266,0.8481492219617117,0.06640506622974936,0.1435440750775651,0.2191380569758948,-0.0011804439585084148
365,10,0.6602739726027397,0.9356846473029046,0.970136445719952,0.852054794520548,0.872306250836568,0.09784749583951922,0.10983978613612835,0.11250565543142389,0.35557361633712353,1.0391863629804001,1.0060808334678897,0.5632350456432063,0.8754561950893304,0.02257623434203625,0.13561797711200135,0.22431225370613625,0.001235144495252749
354,9,0.748587570621469,0.9760864956540174,0.9925998611273149,0.8333333333333334,0.8886792452830189,0.17741306626401984,0.17741306626401987,0.11890808275118217,0.36634597548206294,3.4696781946146475,1.852211495527646,0.5711745043574491,0.8701416206446054,0.06733689610581269,0.13642514507208556,0.1882042197325162,-0.00020788801506115007
375,9,0.8346666666666667,0.943625682778522,0.9895843826696963,0.8853333333333333,0.9054416159950531,0.10606983771150594,0.10363752456101523,0.08855983299940438,0.29519942632495316,1.4490331010416937,0.9690268725728506,0.7310291421056515,0.9033314028954461,0.023098834851149788,0.07207618757760692,0.13799822222222222,-0.00046103649636070054
404,10,0.7004950495049505,0.9907718365797389,0.996021525527963,0.9405940594059405,0.9481353853342289,0.07422311120622156,0.06419763882518068,0.044914999680330275,0.15695311315526647,1.2987748509675239,1.763779576652565,0.6538962424995581,0.9117503166607387,0.016075041386265098,0.18047768202904274,0.20980173512400746,-0.0004840948008995316
383,14,0.6762402088772846,0.9561277867729481,0.9809442507495,0.8851174934725848,0.8982438659858014,0.07490257729312402,0.07089869502886276,0.08658033233588655,0.2803974151284274,0.9340228806261347,1.1084901960462177,0.6053415138484218,0.8859154547249328,0.011782242255230363,0.14448647489638974,0.21893938877489108,0.000345176202154851
369,11,0.8346883468834688,0.9748775814349586,0.9951919188063441,0.8970189701897019,0.9251649989354906,0.12297720407742879,0.12297720407742885,0.0760013647583647,0.2551267044031753,2.1620932212308266,1.6083998265435029,0.7117111428060401,0.8768584895033221,0.0321318309627,0.09335310821721915,0.13798371046041086,-0.0007610684475270052
424,10,0.45990566037735847,0.9396708095398052,0.9454422198544363,0.8773584905660378,0.8727578098757138,0.045011647365825316,0.04084779174696905,0.09242448058591793,0.29481187633524963,0.10887120828395941,1.0165887020391038,0.45099764676237575,0.8745132999753126,0.005857484260119712,0.1613412658138032,0.24839244393022428,-0.00048418179062284517
426,11,0.7112676056338029,0.9175454130778931,0.9687629163967245,0.8333333333333334,0.8538597762215245,0.11358031788398054,0.10963418941494416,0.12412187212068397,0.3877006316486234,1.0417053185044074,0.9294113932742388,0.6016334162188587,0.8596593216677559,0.02468225312288882,0.10676199824243143,0.20536599880975995,0.0008356184304666309
365,12,0.8602739726027397,0.9660297239915073,0.9947141250289339,0.9178082191780822,0.9193830398401399,0.07226904387418448,0.07145622094381736,0.062481866095270726,0.20930544447599214,1.3451235191194393,1.018919060112448,0.7888177516589223,0.9219853424470775,0.013650600174002984,0.07154613334088103,0.12020266466504033,0.00017473459710844186
397,11,0.7808564231738035,0.9473489061920652,0.9855116959712567,0.871536523929471,0.8846681497960698,0.10640151199620261,0.10640151199620275,0.09631182341680647,0.3045530693176158,1.2944098236189903,1.1281368149873727,0.6744549111776009,0.8708681299263553,0.02863513924488727,0.10480322560895096,0.17111966956201738,0.0013602402188527818
347,11,0.8645533141210374,0.9888652482269503,0.9982542360198445,0.9596541786743515,0.9407801418439716,0.057014782967653097,0.05002285696224194,0.032246483421580326,0.12325049987686572,0.9122435549284845,1.659803034991558,0.8212462696409929,0.9235130859952753,0.008163811997540127,0.09253658858754822,0.11710088116336823,-0.0004816211517798055
380,9,0.6868421052631579,0.9929489036994108,0.9973006275763661,0.9657894736842105,0.975095785440613,0.06726133232883946,0.07012250378271133,0.030883690579257425,0.1322457903274818,1.955069467295799,2.2682029019555174,0.6423457392167505,0.9170269690319843,0.012784678141341963,0.19722552164633778,0.21509002770083102,0.00023450638342221997
345,12,0.7188405797101449,0.893249085467243,0.9621079171290181,0.8028985507246377,0.8440721649484536,0.15363066359777716,0.1536306635977772,0.15293195336727006,0.4834537965101204,1.3106765895337105,0.8207149884868974,0.5652099161123677,0.8744686232326206,0.04532046485602566,0.09620963104471783,0.20210880067212772,0.001712318883834496
445,10,0.6067415730337079,0.9451851851851852,0.9680344530716931,0.8629213483146068,0.874973544973545,0.08157076248932463,0.07253446883532634,0.0982511583996412,0.3092736123189797,0.7857947846973405,1.1905846925097106,0.5414844965874207,0.8603059225018288,0.014122545334425939,0.1537953030699335,0.2386062365862896,-0.000682320451140847
337,11,0.6231454005934718,0.9713535808023996,0.9868644104820076,0.9436201780415431,0.9454255718035245,0.04505733316483926,0.040178971870726915,0.048586069068675436,0.17748774581162918,-0.09733417591678005,1.160443254739211,0.6317286087543429,0.9216481121687934,0.007486123504166629,0.19409289954068898,0.23483521031267335,0.00035763479252443053
478,8,0.8451882845188284,0.9790607439122291,0.9963309405896161,0.8138075313807531,0.8898514851485149,0.22454211164135476,0.22454211164135474,0.13787017957937475,0.42678851173097515,4.530173669289856,1.9240602014571495,0.6206461728774737,0.85996369674444,0.10398597204355528,0.09787291176824046,0.13084504823094834,0.0009120710731115866
386,11,0.572538860103627,0.9594679829973948,0.9741174820199768,0.8937823834196891,0.9010969422734129,0.06262659331993455,0.053160340468890094,0.08147878299312811,0.26648432190581534,0.7366673933384152,1.240845146722003,0.5250822086498452,0.8844350727907118,0.00971905869201249,0.17310360408315417,0.24473811377486643,0.00012521460940337348
378,10,0.7380952380952381,0.9497121755186272,0.9816478556270314,0.8068783068783069,0.8561420658194852,0.18049858802840021,0.18049858802840024,0.1335389830137244,0.40345641411668115,2.209036294483603,1.5061675972055166,0.5575966500668378,0.8339798111410249,0.061829952537877694,0.11954805891141296,0.19331065759637187,-0.0020535682091121776
370,11,0.6162162162162163,0.974394613293798,0.9862104140202106,0.8972972972972973,0.9140103780578206,0.09511021975529085,0.09511021975529094,0.07859335823477204,0.26347418347133,1.868805097855689,1.5082114825066135,0.5211059964609254,0.893066744878397,0.022589208025067857,0.18014757645269736,0.23649379108838567,-0.0003420644259841399
415,9,0.8024096385542169,0.9903684171976854,0.9976398140560512,0.9614457831325302,0.9483996191313264,0.07407139039603414,0.05358919063001253,0.03519064594842285,0.14283164816464597,0.5674849401486939,1.8390728833469046,0.7592184748414161,0.9037665882794256,0.00911300768916504,0.13297325273555496,0.1585484105095079,0.0005024804853048653
321,12,0.6292834890965732,0.9575671852899575,0.979424683019414,0.8473520249221184,0.8787128712871287,0.14506710792049798,0.14506710792049798,0.11544695556336333,0.36954272171609054,2.5255023174164744,1.5503179609598379,0.48421638117607524,0.8855819643369787,0.04417889510580991,0.1625933942784874,0.23328577944701626,0.0005756752890245659
341,10,0.4604105571847507,0.9015854333979507,0.9110977737655457,0.8240469208211144,0.8126557740238161,0.08655405864917697,0.07931476714811998,0.12830586734040408,0.4024407894271319,0.7518452114588802,1.052975752069941,0.38109579003663074,0.8504221925993367,0.01621975405932987,0.13535896281412974,0.24843267601757807,-0.0009875999223741272
355,11,0.9549295774647887,0.9406342182890854,0.9970238462929164,0.8732394366197183,0.8740781710914454,0.15708597520153253,0.15708597520153253,0.09276423710854809,0.2905715346204398,2.7952665269763877,1.0219908742305819,0.7978436022632561,0.8872742064317654,0.06515669832731244,0.015810138419324493,0.04303907954770884,0.0003785976528513091
453,11,0.6556291390728477,0.9748553915220582,0.9880558048299437,0.9139072847682119,0.9252136752136753,0.07693852588441127,0.0716456767023768,0.06756670287729194,0.22903813859504657,1.1524262418986007,1.3510062608517388,0.5898556562205671,0.8959587899169549,0.01413716241914094,0.1729627846747604,0.22577957107144422,0.0006127540614671578
348,12,0.632183908045977,0.9791548295454546,0.9905714804311119,0.9568965517241379,0.9626420454545455,0.051525270260715975,0.044985024268532646,0.04043945190591218,0.16380097099951071,0.7068332125594385,1.4123472324591002,0.606533058330521,0.9217984300216006,0.0054168708687457766,0.19805243672313685,0.23252741445369268,0.000547603306610564
324,12,0.6049382716049383,0.9787946428571428,0.9887573897943726,0.9351851851851852,0.9355867346938775,0.04451492384959346,0.045254414395825004,0.0509881251074783,0.18251679991418013,0.009911919162083371,1.436408625003625,0.6111868133485192,0.8979346327316695,0.0044687112119503125,0.19118004067811922,0.2389879591525682,-0.0012885045789209904
401,10,0.5760598503740648,0.9526355996944231,0.9736412847032765,0.9102244389027432,0.9143111790170614,0.06715448490170126,0.05246321622275174,0.0741517903516868,0.25465396331988555,0.24168385490803157,1.0152233550797491,0.5587336433455712,0.9048363397981434,0.012483461531290985,0.18313252074702563,0.24421489916107486,0.0005859504063465831
384,11,0.6875,0.9852272727272727,0.9940692751647232,0.9453125,0.9420454545454546,0.033895425698282036,0.022467987548439858,0.041449424363608545,0.14711388078712043,0.06954870948905367,1.374748441275874,0.6852908259179938,0.9198929802044225,0.0029414134627132643,0.17505492915649168,0.21484375,-0.001280809942613037
363,11,0.5289256198347108,0.9657346491228069,0.9731795604822809,0.9035812672176309,0.905016447368421,0.05650622271980915,0.0474100311793518,0.07401495835346586,0.2501263970176708,0.3273477270444352,1.3951282667387717,0.5081989151799434,0.8651301656816603,0.006578661480698382,0.18091464879351676,0.2491633085171778,-0.000812362850893561
303,11,0.6105610561056105,0.932936326156665,0.9611545635858162,0.8481848184818482,0.8603298213467705,0.08381356152149556,0.07197074690397154,0.10855986733108224,0.33768450264160854,0.7171032911422788,1.1498188436475194,0.5431775427083144,0.8474966600569362,0.013942251101521542,0.14203208802112272,0.23777625287281204,-0.0011265486221286175
321,12,0.794392523364486,0.8967320261437908,0.9741975528669204,0.7850467289719626,0.8422459893048129,0.17984718191511165,0.17984718191511162,0.15894152660376998,0.4911118080160294,1.6630322416587724,0.809725852680887,0.6145453414493744,0.8740443033982632,0.06048450439407576,0.0652677557789601,0.16333304218709058,0.0003917358015637362
395,10,0.7139240506329114,0.9726040293729995,0.9898060814209562,0.8708860759493671,0.9042710098537626,0.12863464020564375,0.13669839785843688,0.09230189215054606,0.29815523424898543,2.2139087753932722,1.672619631022166,0.5852894104272677,0.8677304900862317,0.03748848315726186,0.14809195368233136,0.20423650056080755,-0.0013311378851919992
310,11,0.44516129032258067,0.9777553083923155,0.9788429720537677,0.932258064516129,0.9296427367711493,0.04352165994784885,0.033733926549510046,0.05236606575528946,0.18478052370888784,-0.1215639478950428,1.3570183957722994,0.46363811751662437,0.8988670034470546,0.004364549241865187,0.1976695054301346,0.2469927159209157,-0.001321693977356847
388,14,0.6005154639175257,0.9629793714523052,0.976864981899988,0.8891752577319587,0.8969264848400942,0.07491996101241925,0.06621466120620105,0.0825686308263899,0.2689603757276426,0.782582316159981,1.3896182934221806,0.5444830834599997,0.8628952266855511,0.013826927526586942,0.17099708817445827,0.2398966415134446,-0.00015785003918333818
305,10,0.9508196721311475,0.9586206896551724,0.9978940309866801,0.8721311475409836,0.9327586206896552,0.15992967436806632,0.15992967436806627,0.09387516901953652,0.30534707254562554,3.08776355328907,1.1175299459463994,0.7908899977630812,0.8944364399033853,0.06394973820977447,0.017279447835749903,0.04676162321956468,0.00044325542594728096
387,11,0.6020671834625323,0.915946714229976,0.9546520554861162,0.8449612403100775,0.862437991193356,0.09416282014814949,0.08108578468962666,0.1190544211587477,0.38014418163864244,0.7586240097621577,0.8698674326421556,0.5209813987729057,0.8904406629415106,0.016467241156095273,0.13722272411229644,0.23958229006002577,0.0002276140549231087
405,12,0.8320987654320988,0.933670797695933,0.986925999169064,0.8666666666666667,0.8729272124279979,0.10927061888881737,0.10927061888881728,0.10050965461299452,0.31864376459713434,1.3624283372407073,0.9014811657398667,0.7228281465432815,0.8890291970960315,0.031641123594103066,0.07126709864328709,0.1397104099984758,0.0004252196637027361
396,11,0.5252525252525253,0.9163256955810146,0.9350319261058355,0.8257575757575758,0.8315773322422259,0.10221965938523823,0.11239432754384072,0.13016115448698654,0.4090066731381207,0.9685345781067681,1.062623576908008,0.42303286586728706,0.8523385348780127,0.01968866036901572,0.13805995945033375,0.24936230996837058,-0.0008298564000660258
462,10,0.6883116883116883,0.9316037735849056,0.9722855822065419,0.8658008658008658,0.8721174004192872,0.0958597846080241,0.0976498133265198,0.10436487463502073,0.33592173331966235,0.7046690663239163,0.978917395373054,0.6194077211402161,0.8654465255632032,0.017877794626288815,0.12943014072319547,0.21453870804520156,0.0013785126867258274
428,9,0.7616822429906542,0.9617466618549261,0.9887759510022819,0.9042056074766355,0.9101708167929748,0.07648327046562028,0.0728328126005245,0.07562330825698332,0.25332619723809585,0.9931603478957288,1.2221460184248294,0.6888494303901298,0.8839586905527421,0.013142903257682801,0.12027068152325035,0.1815224037033802,0.0012286828191706844
323,9,0.739938080495356,0.9589559673241681,0.9853288439216722,0.8452012383900929,0.8799561665670452,0.1379984701760887,0.13814655020896707,0.1078583135566794,0.33050868480877266,1.9112331459305785,1.4365254683390438,0.6019396103192673,0.8592363792035644,0.04285322809352617,0.12544037964122087,0.19242971752820404,-0.001984252423829949
358,10,0.9162011173184358,0.9985772357723578,0.9998707565930983,0.9720670391061452,0.9847560975609756,0.07135158744568615,0.05954864349476262,0.02485040933396378,0.10404691004148599,7.153341015894937,5.869407445231821,0.8566524738236732,0.9311547071417966,0.015107927284818709,0.0674437347736448,0.07677662994288564,0.0004095868799042328
376,12,0.5904255319148937,0.959049959049959,0.9772060502136822,0.9095744680851063,0.9154674154674154,0.04756425318143702,0.032574481032417515,0.07248108258432878,0.24886707944429573,0.4837568161164861,1.163627316615542,0.5586373181560458,0.8915517233685578,0.0042582165032902,0.17373163391610652,0.24182322317790855,0.0001312768192365532
